geo_name,sphere,mode,11,k,281.786535,max_r,0.100000
source_x,source_y,source_z,n,m,re,im
0.036091,0.014936,0.007144,0,0,-226498.015998,5636897.662411
0.036091,0.014936,0.007144,1,-1,-1283694.623699,4450671.838140
0.036091,0.014936,0.007144,1,0,-694537.540571,3438612.244032
0.036091,0.014936,0.007144,1,1,1243262.291633,-4434000.836155
-0.021662,0.018969,0.027326,0,0,55732.035033,5310883.711689
-0.021662,0.018969,0.027326,1,-1,-2247981.222637,1767406.373463
-0.021662,0.018969,0.027326,1,0,-442382.492228,1117724.813103
-0.021662,0.018969,0.027326,1,1,-1927044.910989,-2195246.982703
-0.026900,-0.006529,0.028354,0,0,194770.564815,-3811871.006011
-0.026900,-0.006529,0.028354,1,-1,2005845.818505,-1073427.719648
-0.026900,-0.006529,0.028354,1,0,106657.970331,1103745.542308
-0.026900,-0.006529,0.028354,1,1,1882902.399105,2024454.239937
-0.024022,-0.015547,0.027479,0,0,-389888.047815,98288.561477
-0.024022,-0.015547,0.027479,1,-1,-3392166.548290,-1468560.972591
-0.024022,-0.015547,0.027479,1,0,-203306.408307,-6307188.522016
-0.024022,-0.015547,0.027479,1,1,-2639584.017151,2722796.190773
-0.034611,0.016964,0.009564,0,0,446983.068697,23012.072951
-0.034611,0.016964,0.009564,1,-1,3329133.152579,6853274.282525
-0.034611,0.016964,0.009564,1,0,-300597.344560,-2583193.646111
-0.034611,0.016964,0.009564,1,1,2475608.464964,-7143152.274477
0.010430,0.037076,-0.009450,0,0,-914826.691178,-10645503.900984
0.010430,0.037076,-0.009450,1,-1,1502488.197500,-5716473.238107
0.010430,0.037076,-0.009450,1,0,504385.135438,-17758229.278747
0.010430,0.037076,-0.009450,1,1,1430143.085278,4704252.909234
0.007052,0.035562,-0.016049,0,0,-1069794.179650,-5122374.774429
0.007052,0.035562,-0.016049,1,-1,-2882176.384706,-545075.184659
0.007052,0.035562,-0.016049,1,0,2858660.114781,-13300703.833320
0.007052,0.035562,-0.016049,1,1,-4473978.418655,783592.799647
-0.006088,0.017314,-0.035222,0,0,-1291923.708018,-6394033.060817
-0.006088,0.017314,-0.035222,1,-1,-12497439.662743,-1918502.999672
-0.006088,0.017314,-0.035222,1,0,928747.210300,-14506432.857883
-0.006088,0.017314,-0.035222,1,1,-11121957.477875,509462.729290
-0.013237,-0.032838,-0.017817,0,0,-33755.578674,-217440.343260
-0.013237,-0.032838,-0.017817,1,-1,-3360876.931918,1116815.277105
-0.013237,-0.032838,-0.017817,1,0,352186.317799,1354083.360824
-0.013237,-0.032838,-0.017817,1,1,-2816492.687405,-1481398.397763
-0.017181,-0.035689,-0.001534,0,0,-476027.640010,41966.002238
-0.017181,-0.035689,-0.001534,1,-1,2822876.062745,-5916406.210362
-0.017181,-0.035689,-0.001534,1,0,-63292.076581,-1949321.252203
-0.017181,-0.035689,-0.001534,1,1,2762004.892210,6074250.000731
-0.030868,-0.002119,0.024829,0,0,-91446.391080,545518.838762
-0.030868,-0.002119,0.024829,1,-1,1380428.123709,-524749.390444
-0.030868,-0.002119,0.024829,1,0,340344.462496,838823.313786
-0.030868,-0.002119,0.024829,1,1,824228.778707,-642660.039428
-0.037935,0.011408,-0.001749,0,0,838847.943883,-4966780.588647
-0.037935,0.011408,-0.001749,1,-1,128261.553851,7964300.229126
-0.037935,0.011408,-0.001749,1,0,-217871.737941,-3860211.657923
-0.037935,0.011408,-0.001749,1,1,170488.750892,-7513616.464866
-0.038089,0.007216,-0.008356,0,0,427768.984243,-4060476.718533
-0.038089,0.007216,-0.008356,1,-1,-3414248.229514,7809689.904806
-0.038089,0.007216,-0.008356,1,0,417219.914833,-1960055.477306
-0.038089,0.007216,-0.008356,1,1,-4126101.208285,-7577010.269468
-0.010828,-0.026962,0.027014,0,0,-1656635.407479,777890.358316
-0.010828,-0.026962,0.027014,1,-1,-8945044.198131,-1426006.872396
-0.010828,-0.026962,0.027014,1,0,-90784.884825,-14327313.246036
-0.010828,-0.026962,0.027014,1,1,-7379313.860358,1517111.935355
0.026455,0.026550,-0.012964,0,0,-92879.455558,816641.137410
0.026455,0.026550,-0.012964,1,-1,-1536073.032421,1630683.268013
0.026455,0.026550,-0.012964,1,0,140720.745226,-1709711.079218
0.026455,0.026550,-0.012964,1,1,-1321006.128613,-2057770.015736
-0.037066,-0.007971,0.011669,0,0,62313.276466,-1051163.809032
-0.037066,-0.007971,0.011669,1,-1,-940750.919056,2353673.399243
-0.037066,-0.007971,0.011669,1,0,624018.788781,-155696.644980
-0.037066,-0.007971,0.011669,1,1,-1404595.213874,-2819814.654740
0.026452,0.027650,-0.010741,0,0,-172702.571051,1356023.787237
0.026452,0.027650,-0.010741,1,-1,-1489184.537428,1213012.577446
0.026452,0.027650,-0.010741,1,0,-196412.760514,-998508.274594
0.026452,0.027650,-0.010741,1,1,-1331892.319883,-1327090.230039
0.010988,0.011678,0.036253,0,0,-394132.450954,-1798631.562122
0.010988,0.011678,0.036253,1,-1,-16849747.512890,10684274.064926
0.010988,0.011678,0.036253,1,0,519264.903184,4682789.735618
0.010988,0.011678,0.036253,1,1,-15763622.859056,-10892443.332426
0.018692,-0.020512,-0.028299,0,0,458459.684291,2451435.049618
0.018692,-0.020512,-0.028299,1,-1,2651835.496422,2510005.218529
0.018692,-0.020512,-0.028299,1,0,-283065.018012,-1411179.777979
0.018692,-0.020512,-0.028299,1,1,2094115.153422,-2927027.614107
0.015276,0.021843,0.029383,0,0,-220242.637567,3024737.217425
0.015276,0.021843,0.029383,1,-1,-4129700.727884,3077489.121722
0.015276,0.021843,0.029383,1,0,-136930.796401,2438920.372822
0.015276,0.021843,0.029383,1,1,-4290385.060446,-3264417.514487
0.035139,-0.018368,-0.001986,0,0,1473014.520134,-925623.347100
0.035139,-0.018368,-0.001986,1,-1,-5401090.490561,14128997.444719
0.035139,-0.018368,-0.001986,1,0,1064369.690290,-14640307.674942
0.035139,-0.018368,-0.001986,1,1,-4175960.098433,-14272914.851468
0.022865,-0.021872,0.023833,0,0,-779259.712155,5454022.177141
0.022865,-0.021872,0.023833,1,-1,-14335679.866880,12415987.900351
0.022865,-0.021872,0.023833,1,0,-537846.742665,-12215149.027632
0.022865,-0.021872,0.023833,1,1,-14742869.599734,-12754589.006241
0.039645,-0.000479,0.001518,0,0,912172.552070,-3804407.327767
0.039645,-0.000479,0.001518,1,-1,-1651946.407074,18088967.253816
0.039645,-0.000479,0.001518,1,0,-1032575.095961,-4546467.642708
0.039645,-0.000479,0.001518,1,1,-2528944.700749,-19133347.362140
-0.036602,-0.005926,0.014093,0,0,159479.659066,-239866.732042
-0.036602,-0.005926,0.014093,1,-1,-715929.759223,2880567.718000
-0.036602,-0.005926,0.014093,1,0,526193.050366,-528169.044528
-0.036602,-0.005926,0.014093,1,1,-938058.334660,-3062930.619650
0.034907,0.007150,0.017382,0,0,678705.725575,783442.650377
0.034907,0.007150,0.017382,1,-1,-6771205.185532,10659022.298311
0.034907,0.007150,0.017382,1,0,42997.035833,1788551.987887
0.034907,0.007150,0.017382,1,1,-5515078.647079,-12384080.904329
-0.039075,0.001976,0.006473,0,0,399905.954937,-7503824.200941
-0.039075,0.001976,0.006473,1,-1,740088.149247,5819911.538036
-0.039075,0.001976,0.006473,1,0,20519.612172,-3421183.239329
-0.039075,0.001976,0.006473,1,1,512965.290522,-7189731.962700
0.023875,0.031522,0.002800,0,0,572812.835956,4356611.890499
0.023875,0.031522,0.002800,1,-1,-1606356.873426,2502111.127776
0.023875,0.031522,0.002800,1,0,280584.721123,819169.173284
0.023875,0.031522,0.002800,1,1,-666420.454185,-2567607.185941
0.000788,-0.033896,0.020596,0,0,-3938572.036087,267258.486242
0.000788,-0.033896,0.020596,1,-1,-17160988.750518,6189770.070920
0.000788,-0.033896,0.020596,1,0,-1040056.088259,-37597297.702151
0.000788,-0.033896,0.020596,1,1,-17397319.043440,-2385342.112235
0.024486,0.002360,-0.031135,0,0,-541371.530300,2439417.203665
0.024486,0.002360,-0.031135,1,-1,-5615811.270839,-1483986.185074
0.024486,0.002360,-0.031135,1,0,-373871.383024,-2472017.271161
0.024486,0.002360,-0.031135,1,1,-6180292.656938,-882886.594927
-0.035273,-0.018085,-0.002139,0,0,661947.792853,-3763408.531412
-0.035273,-0.018085,-0.002139,1,-1,-808689.639404,7471604.240870
-0.035273,-0.018085,-0.002139,1,0,125726.191557,-801084.275600
-0.035273,-0.018085,-0.002139,1,1,-2189266.925585,-7197099.051663
0.019999,-0.023501,-0.024878,0,0,262504.656747,2206067.361865
0.019999,-0.023501,-0.024878,1,-1,658817.746163,-56887.775683
0.019999,-0.023501,-0.024878,1,0,575725.206935,-1294596.511842
0.019999,-0.023501,-0.024878,1,1,831670.514105,-184041.021465
0.023351,0.026062,0.018757,0,0,305845.633725,4621625.292728
0.023351,0.026062,0.018757,1,-1,-4865418.039722,3940834.655882
0.023351,0.026062,0.018757,1,0,-535339.571288,2048675.394488
0.023351,0.026062,0.018757,1,1,-3888963.476035,-5242198.829622
0.017208,-0.027882,-0.022304,0,0,93734.138689,3855256.467608
0.017208,-0.027882,-0.022304,1,-1,181513.525272,91504.301087
0.017208,-0.027882,-0.022304,1,0,339678.127938,-3869456.581958
0.017208,-0.027882,-0.022304,1,1,863898.285186,402400.511530
-0.017984,-0.020118,-0.029026,0,0,-162072.853606,-1010351.608479
-0.017984,-0.020118,-0.029026,1,-1,-7898529.642686,2816380.277046
-0.017984,-0.020118,-0.029026,1,0,92937.551186,1797491.210618
-0.017984,-0.020118,-0.029026,1,1,-6572566.668958,-4367478.857765
-0.016379,-0.033428,-0.013666,0,0,-387736.839554,1660944.740105
-0.016379,-0.033428,-0.013666,1,-1,-2733665.038353,1269870.995873
-0.016379,-0.033428,-0.013666,1,0,814606.691384,448838.227680
-0.016379,-0.033428,-0.013666,1,1,-3207556.623797,-2002296.067029
0.006626,-0.027651,-0.027678,0,0,-408766.615336,6041159.104807
0.006626,-0.027651,-0.027678,1,-1,532064.540482,-1191867.469824
0.006626,-0.027651,-0.027678,1,0,-564542.609079,-5317854.379246
0.006626,-0.027651,-0.027678,1,1,-244492.860386,1585572.011109
0.026507,-0.019616,-0.022002,0,0,817529.433361,2114675.048700
0.026507,-0.019616,-0.022002,1,-1,-2497020.216303,621780.774614
0.026507,-0.019616,-0.022002,1,0,1055307.198820,163170.767278
0.026507,-0.019616,-0.022002,1,1,-2102431.789776,480497.343998
0.032884,-0.020225,-0.009057,0,0,556454.592998,3866168.492479
0.032884,-0.020225,-0.009057,1,-1,8752690.036228,10957064.751170
0.032884,-0.020225,-0.009057,1,0,1684456.912782,-10748205.519933
0.032884,-0.020225,-0.009057,1,1,12117411.639125,-9133234.701340
0.010424,-0.021145,0.031940,0,0,-385875.185276,-1575362.788644
0.010424,-0.021145,0.031940,1,-1,-12173725.580577,1872989.095847
0.010424,-0.021145,0.031940,1,0,-205566.601299,-5859497.902418
0.010424,-0.021145,0.031940,1,1,-12128276.222337,-1095448.457799
0.030302,0.025276,-0.004079,0,0,563076.480228,3239837.017575
0.030302,0.025276,-0.004079,1,-1,-2451834.149498,-2072829.897195
0.030302,0.025276,-0.004079,1,0,-1165579.741149,-1391088.014595
0.030302,0.025276,-0.004079,1,1,-1855700.777637,2666720.890764
-0.037152,0.010760,0.008907,0,0,195445.002813,-4655710.844728
-0.037152,0.010760,0.008907,1,-1,1047101.117914,3265605.607931
-0.037152,0.010760,0.008907,1,0,536820.604020,4175460.259669
-0.037152,0.010760,0.008907,1,1,1638757.812231,-4414903.846052
0.006217,-0.022397,0.032222,0,0,-286755.890291,3795239.726036
0.006217,-0.022397,0.032222,1,-1,-15324093.503847,-5646999.895510
0.006217,-0.022397,0.032222,1,0,-715888.913434,-10646619.398606
0.006217,-0.022397,0.032222,1,1,-15619893.310353,6977231.032764
0.015094,-0.018148,-0.031829,0,0,123372.157605,702320.311416
0.015094,-0.018148,-0.031829,1,-1,1938216.602807,2687755.376887
0.015094,-0.018148,-0.031829,1,0,-237105.486856,-3162810.345951
0.015094,-0.018148,-0.031829,1,1,1413905.321353,-2610785.292537
0.009083,-0.009485,0.037452,0,0,-13910.095325,2767688.496532
0.009083,-0.009485,0.037452,1,-1,-9938518.184181,815345.273881
0.009083,-0.009485,0.037452,1,0,-131810.258466,1464634.722025
0.009083,-0.009485,0.037452,1,1,-9617903.069265,-816268.072182
0.035775,-0.011903,0.012176,0,0,1164655.153502,4812843.224182
0.035775,-0.011903,0.012176,1,-1,-2190306.179914,15577667.330657
0.035775,-0.011903,0.012176,1,0,934783.776215,-13436217.229981
0.035775,-0.011903,0.012176,1,1,-1804674.377789,-15150551.003986
-0.019547,-0.022559,-0.026068,0,0,710.203799,-1546581.864917
-0.019547,-0.022559,-0.026068,1,-1,-1622625.609921,9826089.479989
-0.019547,-0.022559,-0.026068,1,0,-779035.258314,4752722.229320
-0.019547,-0.022559,-0.026068,1,1,-986381.646737,-9248493.485688
-0.022323,0.030775,-0.011545,0,0,-396910.248020,-3503780.156768
-0.022323,0.030775,-0.011545,1,-1,-3578054.765751,4676705.227730
-0.022323,0.030775,-0.011545,1,0,1105021.690797,-22061277.510882
-0.022323,0.030775,-0.011545,1,1,-2825515.981348,-4078303.612510
0.034167,-0.003202,0.019909,0,0,752265.378580,6548410.737234
0.034167,-0.003202,0.019909,1,-1,-13676680.267256,12801469.574582
0.034167,-0.003202,0.019909,1,0,-513919.005511,-1835811.795080
0.034167,-0.003202,0.019909,1,1,-13560022.305235,-15048422.604788
0.038069,0.007392,0.008384,0,0,-49025.532546,2039853.537117
0.038069,0.007392,0.008384,1,-1,-4036977.575814,10435547.414095
0.038069,0.007392,0.008384,1,0,-50862.152468,7015522.605138
0.038069,0.007392,0.008384,1,1,-2984830.598151,-9923017.276812
-0.031629,-0.019653,-0.013678,0,0,1719077.603987,2899415.071777
-0.031629,-0.019653,-0.013678,1,-1,-6838973.973424,11828689.488060
-0.031629,-0.019653,-0.013678,1,0,280858.091212,20243979.098453
-0.031629,-0.019653,-0.013678,1,1,-8362867.856252,-12352281.218603
-0.013750,-0.006336,-0.036673,0,0,139286.365834,8713082.441923
-0.013750,-0.006336,-0.036673,1,-1,-10721090.845682,3434006.934312
-0.013750,-0.006336,-0.036673,1,0,-719290.909938,5227001.764380
-0.013750,-0.006336,-0.036673,1,1,-10542491.243758,-3874497.601130
0.028719,0.025090,0.010759,0,0,679122.889956,1833092.026336
0.028719,0.025090,0.010759,1,-1,-244246.915479,1979001.477128
0.028719,0.025090,0.010759,1,0,-148821.804678,2621643.398513
0.028719,0.025090,0.010759,1,1,-198823.524425,-2167535.954303
-0.006654,-0.014270,0.036429,0,0,-975642.286577,5881308.236850
-0.006654,-0.014270,0.036429,1,-1,-8063891.405960,1922061.191237
-0.006654,-0.014270,0.036429,1,0,-213555.095490,-12223715.205241
-0.006654,-0.014270,0.036429,1,1,-7819050.548638,400211.558840
-0.032388,-0.019270,0.012268,0,0,-523604.918508,3006687.446978
-0.032388,-0.019270,0.012268,1,-1,-2370486.983808,-3800833.859888
-0.032388,-0.019270,0.012268,1,0,-138127.052750,-3956717.698011
-0.032388,-0.019270,0.012268,1,1,-2463399.709507,4550897.608603
-0.013525,0.035672,0.010742,0,0,-618334.155233,3134037.172951
-0.013525,0.035672,0.010742,1,-1,6806925.899156,5602874.359735
-0.013525,0.035672,0.010742,1,0,64199.263131,-32892651.383088
-0.013525,0.035672,0.010742,1,1,8667615.189023,-5190433.534606
-0.002416,-0.002986,0.039466,0,0,-511664.841361,5434187.229423
-0.002416,-0.002986,0.039466,1,-1,-15145575.818726,2569697.858646
-0.002416,-0.002986,0.039466,1,0,60672.787761,-2682261.197742
-0.002416,-0.002986,0.039466,1,1,-15322209.018989,-3596650.788435
-0.039091,-0.002050,0.006364,0,0,402501.988707,-5053739.694048
-0.039091,-0.002050,0.006364,1,-1,977859.473118,5102064.596577
-0.039091,-0.002050,0.006364,1,0,56709.146342,-3361350.608022
-0.039091,-0.002050,0.006364,1,1,4142.238830,-5679407.497497
0.025191,0.029866,-0.007092,0,0,-227608.763012,2020402.583827
0.025191,0.029866,-0.007092,1,-1,-1700114.359768,2620863.477273
0.025191,0.029866,-0.007092,1,0,-86716.834178,-869717.394338
0.025191,0.029866,-0.007092,1,1,-1780158.943924,-2143482.155928
0.038928,0.007246,-0.001936,0,0,233782.702032,-1212643.567965
0.038928,0.007246,-0.001936,1,-1,376260.749530,9707992.485208
0.038928,0.007246,-0.001936,1,0,-262959.460546,10116243.513281
0.038928,0.007246,-0.001936,1,1,591044.491063,-9328415.094270
-0.034985,0.015963,0.009860,0,0,431676.378075,-538952.817226
-0.034985,0.015963,0.009860,1,-1,3452410.188393,5640645.048722
-0.034985,0.015963,0.009860,1,0,-69293.250106,-259356.486026
-0.034985,0.015963,0.009860,1,1,2981329.759374,-5825033.927433
0.015898,0.033999,-0.012844,0,0,-341031.459096,-8380489.566534
0.015898,0.033999,-0.012844,1,-1,-633004.402353,-3197344.444417
0.015898,0.033999,-0.012844,1,0,1695233.239123,-7796386.851540
0.015898,0.033999,-0.012844,1,1,-2221594.755772,1231522.536502
0.033722,0.015624,0.013857,0,0,498625.850139,1902535.974618
0.033722,0.015624,0.013857,1,-1,-1366315.169974,7152863.251288
0.033722,0.015624,0.013857,1,0,-850699.725386,4958895.346942
0.033722,0.015624,0.013857,1,1,190372.688174,-7130854.963737
-0.022864,0.028938,-0.014653,0,0,-704843.375410,-2868967.049612
-0.022864,0.028938,-0.014653,1,-1,-11003511.989544,8538138.394975
-0.022864,0.028938,-0.014653,1,0,1125360.381071,-19729080.629665
-0.022864,0.028938,-0.014653,1,1,-9655755.798382,-8691019.382308
0.016176,0.028638,0.022094,0,0,218122.733624,480358.270342
0.016176,0.028638,0.022094,1,-1,-1822523.018630,375997.771724
0.016176,0.028638,0.022094,1,0,-803973.588471,3306239.030300
0.016176,0.028638,0.022094,1,1,-1443427.715387,-2415479.507987
0.013098,-0.010833,0.035847,0,0,-298715.368347,2530005.247959
0.013098,-0.010833,0.035847,1,-1,-10636686.491289,6541840.317448
0.013098,-0.010833,0.035847,1,0,-160446.737868,-3124659.553598
0.013098,-0.010833,0.035847,1,1,-9613662.169843,-6717906.458758
-0.025108,-0.027723,0.013198,0,0,-82180.618205,-2174161.074205
-0.025108,-0.027723,0.013198,1,-1,972207.123239,-1409610.128457
-0.025108,-0.027723,0.013198,1,0,307335.277373,-734694.653210
-0.025108,-0.027723,0.013198,1,1,952233.535246,838529.024141
0.008919,0.000138,-0.038624,0,0,-555076.794893,877590.301498
0.008919,0.000138,-0.038624,1,-1,-11141520.131633,-3541821.869451
0.008919,0.000138,-0.038624,1,0,-1484484.011735,8485038.980660
0.008919,0.000138,-0.038624,1,1,-11464896.286679,4047060.546507
0.038546,0.000516,0.009616,0,0,206656.885545,-479591.838496
0.038546,0.000516,0.009616,1,-1,-5515110.873856,14782007.854571
0.038546,0.000516,0.009616,1,0,-718785.843132,659361.713142
0.038546,0.000516,0.009616,1,1,-4619224.299122,-14414935.275247
-0.036157,-0.008899,0.013892,0,0,-112144.329045,88353.655662
-0.036157,-0.008899,0.013892,1,-1,-704243.041782,2824790.633672
-0.036157,-0.008899,0.013892,1,0,655441.542140,23780.857818
-0.036157,-0.008899,0.013892,1,1,-905838.820060,-3210843.636757
-0.012187,0.006556,0.037245,0,0,-511214.498572,431290.725082
-0.012187,0.006556,0.037245,1,-1,-6683630.605230,-4260693.840877
-0.012187,0.006556,0.037245,1,0,263231.057165,331998.431526
-0.012187,0.006556,0.037245,1,1,-6529125.565035,3410625.132832
-0.023704,-0.010439,0.029991,0,0,-1836.404183,-3476481.768461
-0.023704,-0.010439,0.029991,1,-1,-3952776.728933,-219069.113846
-0.023704,-0.010439,0.029991,1,0,318664.053123,-5140980.979896
-0.023704,-0.010439,0.029991,1,1,-2680966.766387,1130896.416169
-0.036808,-0.014715,0.000899,0,0,578957.699813,-4687291.104560
-0.036808,-0.014715,0.000899,1,-1,-2639275.358664,3883740.786648
-0.036808,-0.014715,0.000899,1,0,106566.463890,-295031.398571
-0.036808,-0.014715,0.000899,1,1,-3248371.289836,-4085126.806796
-0.013910,0.011749,-0.035257,0,0,-665362.760256,879642.899885
-0.013910,0.011749,-0.035257,1,-1,-15264771.064655,5223326.103263
-0.013910,0.011749,-0.035257,1,0,-429272.429338,-6676092.318407
-0.013910,0.011749,-0.035257,1,1,-15127569.906760,-5842379.019906
0.005617,0.039032,-0.003973,0,0,-1124200.226464,-9442607.227735
0.005617,0.039032,-0.003973,1,-1,-1149532.813868,-5872383.904571
0.005617,0.039032,-0.003973,1,0,630760.705613,-17085775.820308
0.005617,0.039032,-0.003973,1,1,-1201185.487039,5756999.414267
0.006269,0.008200,-0.038350,0,0,-1630729.096507,4169654.315857
0.006269,0.008200,-0.038350,1,-1,-14059332.822308,1971277.648829
0.006269,0.008200,-0.038350,1,0,-121441.918736,-7585225.470643
0.006269,0.008200,-0.038350,1,1,-13036689.388016,-1547646.388443
-0.013983,-0.036872,-0.004608,0,0,-531603.128138,-854915.698801
-0.013983,-0.036872,-0.004608,1,-1,3321233.354632,-4084337.075287
-0.013983,-0.036872,-0.004608,1,0,-450652.120267,-3968337.832836
-0.013983,-0.036872,-0.004608,1,1,3868877.384029,4046813.127492
0.004966,-0.009908,0.038065,0,0,-95819.188967,4828980.498459
0.004966,-0.009908,0.038065,1,-1,-9610899.631417,-1605967.787290
0.004966,-0.009908,0.038065,1,0,95743.870711,-473835.148857
0.004966,-0.009908,0.038065,1,1,-10190943.793646,1466299.664559
0.005412,-0.037779,-0.011096,0,0,1030078.060473,2338432.746518
0.005412,-0.037779,-0.011096,1,-1,-1201669.750984,5356800.151829
0.005412,-0.037779,-0.011096,1,0,-301032.387979,-6842984.537515
0.005412,-0.037779,-0.011096,1,1,-1842620.338541,-4299246.534330
0.026326,0.029601,-0.001764,0,0,238158.509570,4301795.759209
0.026326,0.029601,-0.001764,1,-1,-1066868.213287,1557979.515150
0.026326,0.029601,-0.001764,1,0,-227183.665374,218768.766241
0.026326,0.029601,-0.001764,1,1,-929463.868635,-869021.803250
-0.033372,-0.015298,0.014999,0,0,-353814.308005,2830528.129264
-0.033372,-0.015298,0.014999,1,-1,-1895708.560595,464059.597597
-0.033372,-0.015298,0.014999,1,0,-315108.782663,-2449033.095320
-0.033372,-0.015298,0.014999,1,1,-1528659.428858,215438.268846
0.014957,0.021239,0.030034,0,0,-226249.227781,3176857.258785
0.014957,0.021239,0.030034,1,-1,-4698184.818781,3406365.780080
0.014957,0.021239,0.030034,1,0,-20863.573842,3328156.023790
0.014957,0.021239,0.030034,1,1,-4790028.038347,-3438367.727522
0.011236,-0.018746,0.033154,0,0,-347701.376766,189975.985252
0.011236,-0.018746,0.033154,1,-1,-10570494.675731,4011497.230934
0.011236,-0.018746,0.033154,1,0,40619.320037,-4759512.553460
0.011236,-0.018746,0.033154,1,1,-10424649.341308,-3837035.145842
0.021550,-0.024639,-0.022336,0,0,127584.135326,2168316.070483
0.021550,-0.024639,-0.022336,1,-1,-653490.509680,-390541.932832
0.021550,-0.024639,-0.022336,1,0,942444.294518,-919043.986911
0.021550,-0.024639,-0.022336,1,1,-107496.772300,982291.186002
-0.026924,-0.028647,0.005408,0,0,199886.753676,2160034.428232
-0.026924,-0.028647,0.005408,1,-1,1664782.549360,-2234368.501131
-0.026924,-0.028647,0.005408,1,0,354081.506883,-3758942.671661
-0.026924,-0.028647,0.005408,1,1,1034792.372234,2092567.802264
-0.013169,0.023672,0.028942,0,0,256717.284689,9168414.313973
-0.013169,0.023672,0.028942,1,-1,1028076.334685,-628105.540806
-0.013169,0.023672,0.028942,1,0,413467.379423,1119154.599516
-0.013169,0.023672,0.028942,1,1,1341126.313932,381018.579700
-0.028169,-0.028011,0.000987,0,0,215017.144877,2668849.303604
-0.028169,-0.028011,0.000987,1,-1,-24183.046437,239916.929261
-0.028169,-0.028011,0.000987,1,0,1041177.273840,-1901577.390017
-0.028169,-0.028011,0.000987,1,1,-597621.112685,-464634.554810
-0.007117,0.020917,0.032948,0,0,-723381.912102,4126269.007577
-0.007117,0.020917,0.032948,1,-1,-1144443.411081,-1513729.477425
-0.007117,0.020917,0.032948,1,0,862821.840503,2860588.965737
-0.007117,0.020917,0.032948,1,1,-54922.228126,2365510.031178
-0.015667,0.014718,0.033276,0,0,180127.609152,3087974.346179
-0.015667,0.014718,0.033276,1,-1,1766746.782849,2512060.847893
-0.015667,0.014718,0.033276,1,0,635335.473337,2346391.081367
-0.015667,0.014718,0.033276,1,1,3418234.162905,-645387.310703
0.006703,-0.021407,-0.032710,0,0,-247536.511458,620420.657343
0.006703,-0.021407,-0.032710,1,-1,-637744.377190,2208173.685099
0.006703,-0.021407,-0.032710,1,0,213303.244029,-3568632.954687
0.006703,-0.021407,-0.032710,1,1,-101789.762609,-3361627.378003
-0.012800,-0.033164,-0.017546,0,0,-83114.908868,4759.583206
-0.012800,-0.033164,-0.017546,1,-1,-3018070.236039,698740.975777
-0.012800,-0.033164,-0.017546,1,0,235060.679538,1009755.634429
-0.012800,-0.033164,-0.017546,1,1,-2556953.951129,-1069725.572851
-0.004207,0.004100,-0.039194,0,0,-2144355.524878,-2595756.403643
-0.004207,0.004100,-0.039194,1,-1,-14851505.915302,3025126.557240
-0.004207,0.004100,-0.039194,1,0,-875735.958013,-4963731.125974
-0.004207,0.004100,-0.039194,1,1,-14137633.949322,-3093128.037068
0.025606,-0.012914,0.027382,0,0,-1302728.677895,4696562.483506
0.025606,-0.012914,0.027382,1,-1,-11125983.118683,7829306.181770
0.025606,-0.012914,0.027382,1,0,1015228.596144,-10441262.915630
0.025606,-0.012914,0.027382,1,1,-9554497.317647,-8100056.391202
0.025663,-0.027891,0.011733,0,0,-461882.453598,3994541.330684
0.025663,-0.027891,0.011733,1,-1,-18488.169750,15048402.408322
0.025663,-0.027891,0.011733,1,0,1656844.717966,-21748309.131568
0.025663,-0.027891,0.011733,1,1,150546.870733,-15943363.167391
0.014200,-0.025080,0.027238,0,0,-920111.874834,-3820186.884129
0.014200,-0.025080,0.027238,1,-1,-8554430.821470,10556470.040460
0.014200,-0.025080,0.027238,1,0,-391424.184757,-13312544.835498
0.014200,-0.025080,0.027238,1,1,-9852706.717675,-8001745.776869
-0.034427,0.006302,-0.018836,0,0,845738.508878,-7542414.955962
-0.034427,0.006302,-0.018836,1,-1,-6409875.912029,15549892.179601
-0.034427,0.006302,-0.018836,1,0,337291.534354,5560416.979170
-0.034427,0.006302,-0.018836,1,1,-5826125.686685,-16356181.803184
-0.038468,0.005678,-0.007926,0,0,360813.961986,-3921455.693135
-0.038468,0.005678,-0.007926,1,-1,-4097371.600274,8305559.162875
-0.038468,0.005678,-0.007926,1,0,69771.615312,-1613180.209521
-0.038468,0.005678,-0.007926,1,1,-4536715.527689,-7852109.566838
0.021111,0.033423,0.004097,0,0,1043301.915778,2723453.464806
0.021111,0.033423,0.004097,1,-1,-3662729.895897,4004057.612004
0.021111,0.033423,0.004097,1,0,645640.426159,-1708567.550294
0.021111,0.033423,0.004097,1,1,-2405328.261912,-4478670.232016
-0.005955,-0.028810,-0.026584,0,0,-1260448.033933,-2619056.359104
-0.005955,-0.028810,-0.026584,1,-1,-5464328.799876,4811836.961924
-0.005955,-0.028810,-0.026584,1,0,-542696.528172,-4731924.451931
-0.005955,-0.028810,-0.026584,1,1,-5602354.534242,-4810728.891128
0.007384,-0.037665,-0.010108,0,0,1210416.896896,5004200.674161
0.007384,-0.037665,-0.010108,1,-1,-1472903.194830,6176904.652491
0.007384,-0.037665,-0.010108,1,0,-275395.891199,-9143318.032132
0.007384,-0.037665,-0.010108,1,1,-1555989.863769,-5450595.965798
-0.027755,-0.004808,-0.027914,0,0,-149816.665810,3963581.602399
-0.027755,-0.004808,-0.027914,1,-1,-5831780.515908,3506735.790227
-0.027755,-0.004808,-0.027914,1,0,245147.238303,-1166832.111450
-0.027755,-0.004808,-0.027914,1,1,-6648722.637120,-4468052.327657
0.011704,-0.037427,0.005698,0,0,-1149485.799477,5767317.405510
0.011704,-0.037427,0.005698,1,-1,-7460801.194510,6695744.357062
0.011704,-0.037427,0.005698,1,0,-323795.350660,-18488456.376805
0.011704,-0.037427,0.005698,1,1,-8176555.138039,-7787350.304240
0.027733,-0.023154,0.016430,0,0,675927.091761,3037455.213519
0.027733,-0.023154,0.016430,1,-1,-6324919.426903,17345934.698203
0.027733,-0.023154,0.016430,1,0,812712.568012,-13301521.448865
0.027733,-0.023154,0.016430,1,1,-7708008.991897,-17534981.630489
0.022115,-0.028356,-0.016819,0,0,458264.882234,2440863.674316
0.022115,-0.028356,-0.016819,1,-1,1215781.110469,1615183.732662
0.022115,-0.028356,-0.016819,1,0,473299.224088,-1759103.860907
0.022115,-0.028356,-0.016819,1,1,2074165.510990,-211502.207775
-0.039147,-0.004181,-0.005387,0,0,589895.754146,-3148095.062051
-0.039147,-0.004181,-0.005387,1,-1,-3780500.854117,12221125.430647
-0.039147,-0.004181,-0.005387,1,0,249520.746181,5112343.776497
-0.039147,-0.004181,-0.005387,1,1,-4253790.395500,-13212055.862292
-0.033952,0.003686,0.020209,0,0,1143449.324384,-4348188.284742
-0.033952,0.003686,0.020209,1,-1,-1772299.636639,1528142.004684
-0.033952,0.003686,0.020209,1,0,1038793.115077,-6628668.065689
-0.033952,0.003686,0.020209,1,1,-1911753.567683,-1170896.348723
0.023432,-0.031053,-0.007928,0,0,457541.930906,866666.457570
0.023432,-0.031053,-0.007928,1,-1,-1228564.705980,5148196.512886
0.023432,-0.031053,-0.007928,1,0,1273933.494497,-11074578.652125
0.023432,-0.031053,-0.007928,1,1,651826.553238,-5655630.580101
0.011817,0.021520,0.031113,0,0,-264757.597885,3289191.142877
0.011817,0.021520,0.031113,1,-1,-6279904.215831,1523342.985777
0.011817,0.021520,0.031113,1,0,-107922.290608,8893142.254261
0.011817,0.021520,0.031113,1,1,-6709090.806008,-315479.324315
-0.035017,0.015252,0.010786,0,0,416805.060907,-1473928.257006
-0.035017,0.015252,0.010786,1,-1,4493793.994859,4470463.995655
-0.035017,0.015252,0.010786,1,0,49420.767928,1514203.430756
-0.035017,0.015252,0.010786,1,1,4008439.970167,-4360524.525567
-0.000379,0.024636,0.031075,0,0,-1359950.354273,5864284.327937
-0.000379,0.024636,0.031075,1,-1,-4268848.600703,2891650.038592
-0.000379,0.024636,0.031075,1,0,-317701.597815,6820746.054888
-0.000379,0.024636,0.031075,1,1,-3402564.021695,-2285270.524079
-0.031144,0.020105,0.014173,0,0,573932.562242,-3323641.626275
-0.031144,0.020105,0.014173,1,-1,9892798.110736,5621686.046725
-0.031144,0.020105,0.014173,1,0,-1748990.417022,-7308261.301191
-0.031144,0.020105,0.014173,1,1,6561618.186310,-6512277.774348
-0.038405,0.009408,-0.004171,0,0,704581.745664,-4293108.316833
-0.038405,0.009408,-0.004171,1,-1,380110.559381,7116610.785239
-0.038405,0.009408,-0.004171,1,0,118635.573666,-3869153.264575
-0.038405,0.009408,-0.004171,1,1,-26951.761173,-6495159.036151
-0.000866,0.011612,0.037921,0,0,550695.200635,-8629676.819363
-0.000866,0.011612,0.037921,1,-1,-11044412.089442,-1497857.151514
-0.000866,0.011612,0.037921,1,0,741579.203500,8003241.703103
-0.000866,0.011612,0.037921,1,1,-12361886.188554,3200697.434030
-0.025028,0.004013,-0.030443,0,0,880077.371709,-3836666.965174
-0.025028,0.004013,-0.030443,1,-1,-12938065.126547,11984288.558546
-0.025028,0.004013,-0.030443,1,0,-579401.315144,-2028359.859409
-0.025028,0.004013,-0.030443,1,1,-12997939.340503,-10365840.131045
0.030320,0.014622,0.021049,0,0,352675.805200,4115099.097211
0.030320,0.014622,0.021049,1,-1,-10084903.307393,3439193.768636
0.030320,0.014622,0.021049,1,0,-770620.666022,8007746.213650
0.030320,0.014622,0.021049,1,1,-8346044.711547,-5530245.938571
-0.030618,-0.024276,-0.006707,0,0,1158746.653525,1095677.584606
-0.030618,-0.024276,-0.006707,1,-1,-912233.372730,5237272.272067
-0.030618,-0.024276,-0.006707,1,0,1066044.684411,6801061.648819
-0.030618,-0.024276,-0.006707,1,1,-2222850.100327,-5717593.401114
0.024752,0.027960,0.013631,0,0,473579.637348,2938843.142181
0.024752,0.027960,0.013631,1,-1,-1874010.278027,1290208.167159
0.024752,0.027960,0.013631,1,0,-669009.944166,4487687.555793
0.024752,0.027960,0.013631,1,1,-1456822.516751,-1571369.069066
-0.031900,0.012883,-0.019718,0,0,384276.732174,334431.256351
-0.031900,0.012883,-0.019718,1,-1,-6510633.965999,20208964.638846
-0.031900,0.012883,-0.019718,1,0,-621998.689363,-13284249.343401
-0.031900,0.012883,-0.019718,1,1,-4912017.774610,-19419518.370023
-0.002097,-0.036805,-0.014772,0,0,95576.035063,-953664.125132
-0.002097,-0.036805,-0.014772,1,-1,3862537.180552,-447387.862778
-0.002097,-0.036805,-0.014772,1,0,-649691.906039,-3460595.108201
-0.002097,-0.036805,-0.014772,1,1,3374494.790811,-137415.068078
0.014241,-0.004371,0.036799,0,0,-777645.445159,6904750.196925
0.014241,-0.004371,0.036799,1,-1,-19285243.235382,5863228.348300
0.014241,-0.004371,0.036799,1,0,-97894.053842,2134373.472931
0.014241,-0.004371,0.036799,1,1,-17974521.651874,-6236167.605213
0.025891,0.029144,0.007089,0,0,406094.444235,3878679.926308
0.025891,0.029144,0.007089,1,-1,573615.900554,383694.167704
0.025891,0.029144,0.007089,1,0,-587225.761937,3959290.902110
0.025891,0.029144,0.007089,1,1,879543.254845,-565983.831164
0.032048,0.019662,0.012547,0,0,416800.829875,2312312.226979
0.032048,0.019662,0.012547,1,-1,-1243461.931291,4817163.651203
0.032048,0.019662,0.012547,1,0,-382240.408495,3634074.404894
0.032048,0.019662,0.012547,1,1,210710.688071,-5132927.280142
0.003269,0.039421,0.002610,0,0,-1015851.143444,-9100101.900006
0.003269,0.039421,0.002610,1,-1,426915.366613,3440592.025025
0.003269,0.039421,0.002610,1,0,2243906.344837,-10985610.719805
0.003269,0.039421,0.002610,1,1,549414.694908,-3340227.360042
-0.011732,0.031175,-0.021484,0,0,-1398162.711931,781588.559059
-0.011732,0.031175,-0.021484,1,-1,-5302599.824303,5486921.570460
-0.011732,0.031175,-0.021484,1,0,2228423.235922,-19649081.215134
-0.011732,0.031175,-0.021484,1,1,-4803043.265416,-6680555.757291
-0.002532,0.038626,-0.008512,0,0,-1100364.067248,-3933068.234450
-0.002532,0.038626,-0.008512,1,-1,-3980515.099115,-2261296.079377
-0.002532,0.038626,-0.008512,1,0,1493671.746055,-16100828.812070
-0.002532,0.038626,-0.008512,1,1,-4402635.251265,1710909.021325
0.030084,0.024094,0.009289,0,0,676911.502379,2382037.995536
0.030084,0.024094,0.009289,1,-1,621185.790071,2646568.647305
0.030084,0.024094,0.009289,1,0,-33672.431081,1586794.546764
0.030084,0.024094,0.009289,1,1,1024528.656018,-2836581.987606
0.037960,0.011235,-0.002201,0,0,207399.426845,3069766.116651
0.037960,0.011235,-0.002201,1,-1,-808877.693188,4034531.166250
0.037960,0.011235,-0.002201,1,0,-188027.547086,6361203.444749
0.037960,0.011235,-0.002201,1,1,748901.485111,-4077034.578193
0.034137,0.020006,-0.002404,0,0,771314.674577,4042373.252108
0.034137,0.020006,-0.002404,1,-1,-4279205.802551,-3070662.492545
0.034137,0.020006,-0.002404,1,0,-783610.480496,-3136364.603279
0.034137,0.020006,-0.002404,1,1,-1625943.367126,2439616.769218
0.030588,0.018594,0.017067,0,0,409730.770091,2746824.527445
0.030588,0.018594,0.017067,1,-1,-5848184.751600,3244036.396282
0.030588,0.018594,0.017067,1,0,-900316.144376,6629002.306466
0.030588,0.018594,0.017067,1,1,-4605378.164771,-4411763.418535
0.012671,-0.033656,-0.016695,0,0,860937.416968,6304592.510912
0.012671,-0.033656,-0.016695,1,-1,1447492.153209,2198071.298936
0.012671,-0.033656,-0.016695,1,0,56660.772260,-5569440.380496
0.012671,-0.033656,-0.016695,1,1,1251060.239869,-1663934.188506
-0.028791,0.025592,-0.009422,0,0,255090.872785,795097.141546
-0.028791,0.025592,-0.009422,1,-1,-3804634.933206,12937974.053765
-0.028791,0.025592,-0.009422,1,0,-1289434.667704,-10275053.968674
-0.028791,0.025592,-0.009422,1,1,-4107642.684244,-11972362.886371
0.017556,-0.029384,0.019992,0,0,-2006149.700764,8381948.583289
0.017556,-0.029384,0.019992,1,-1,-4771798.766171,6298596.249300
0.017556,-0.029384,0.019992,1,0,-594116.303395,-33562972.835758
0.017556,-0.029384,0.019992,1,1,-7076798.333706,-4262299.117093
0.024722,-0.007056,0.030250,0,0,-786613.037863,2636340.651495
0.024722,-0.007056,0.030250,1,-1,-12933322.982409,10774515.762159
0.024722,-0.007056,0.030250,1,0,-298431.351926,-4980436.578818
0.024722,-0.007056,0.030250,1,1,-13094130.402804,-11278556.882604
-0.005522,0.023368,-0.031653,0,0,-974014.518366,-10824777.578693
-0.005522,0.023368,-0.031653,1,-1,-19067238.778692,-819329.195617
-0.005522,0.023368,-0.031653,1,0,2232906.795748,-18486206.561392
-0.005522,0.023368,-0.031653,1,1,-17898877.870380,-2591203.248089
0.009051,0.020873,-0.032512,0,0,-1276277.387343,10196781.662632
0.009051,0.020873,-0.032512,1,-1,-12165436.480135,1745164.660094
0.009051,0.020873,-0.032512,1,0,327502.811089,-12477779.733751
0.009051,0.020873,-0.032512,1,1,-13414968.914995,-4436424.740730
-0.001084,-0.038060,-0.011253,0,0,192947.341368,-1332247.630936
-0.001084,-0.038060,-0.011253,1,-1,409016.120304,473346.126368
-0.001084,-0.038060,-0.011253,1,0,-410764.967819,-7835850.001658
-0.001084,-0.038060,-0.011253,1,1,-871462.059330,-447975.703112
-0.036519,0.014956,0.004178,0,0,674137.374778,-2694261.831550
-0.036519,0.014956,0.004178,1,-1,-2240644.837151,9028295.676441
-0.036519,0.014956,0.004178,1,0,-383654.742781,-3468963.356730
-0.036519,0.014956,0.004178,1,1,-1687582.899760,-9028842.952991
-0.013827,-0.004039,-0.036940,0,0,-43398.479547,8211020.270955
-0.013827,-0.004039,-0.036940,1,-1,-10883365.829296,4031294.558440
-0.013827,-0.004039,-0.036940,1,0,-289616.547300,-3510920.296220
-0.013827,-0.004039,-0.036940,1,1,-11052946.473868,-3918854.556055
0.001957,-0.012480,0.037569,0,0,-447929.849217,6541040.616028
0.001957,-0.012480,0.037569,1,-1,-8269695.099797,-1406290.837084
0.001957,-0.012480,0.037569,1,0,421672.748173,-7314198.504410
0.001957,-0.012480,0.037569,1,1,-9047523.752041,1584533.664463
0.036882,0.003392,-0.014357,0,0,30778.624476,-12495341.560669
0.036882,0.003392,-0.014357,1,-1,2931865.245826,9707902.742809
0.036882,0.003392,-0.014357,1,0,-2182390.449469,10723251.973363
0.036882,0.003392,-0.014357,1,1,2911528.536657,-10829407.469255
0.008960,-0.031862,-0.021803,0,0,548886.334047,6539819.272326
0.008960,-0.031862,-0.021803,1,-1,2368578.830620,-530585.237564
0.008960,-0.031862,-0.021803,1,0,-590013.534047,-3175011.446300
0.008960,-0.031862,-0.021803,1,1,1987202.476023,456471.279512
0.026797,-0.006747,-0.028446,0,0,-243432.148306,1812979.593708
0.026797,-0.006747,-0.028446,1,-1,6660009.999864,1362270.074615
0.026797,-0.006747,-0.028446,1,0,-377640.839201,-2207260.574390
0.026797,-0.006747,-0.028446,1,1,5646313.267406,-1049836.524165
0.011852,0.019916,-0.032264,0,0,-978858.229395,10931191.252388
0.011852,0.019916,-0.032264,1,-1,-9925035.094308,-8379960.546303
0.011852,0.019916,-0.032264,1,0,391002.571724,-7678952.660035
0.011852,0.019916,-0.032264,1,1,-11067619.599271,6879003.757302
0.002264,-0.009146,0.038513,0,0,-268355.964986,6258321.365894
0.002264,-0.009146,0.038513,1,-1,-10487128.135598,77317.464436
0.002264,-0.009146,0.038513,1,0,119530.449304,-1283332.025753
0.002264,-0.009146,0.038513,1,1,-11144439.158612,-291857.166717
0.028607,0.019962,-0.018915,0,0,-681156.880229,1021650.039038
0.028607,0.019962,-0.018915,1,-1,-5147693.848821,-754262.153473
0.028607,0.019962,-0.018915,1,0,767981.112951,-4631710.324820
0.028607,0.019962,-0.018915,1,1,-4619143.259728,691260.564596
0.029733,0.026082,0.002838,0,0,660859.260568,4456578.923766
0.029733,0.026082,0.002838,1,-1,573487.105984,612762.249415
0.029733,0.026082,0.002838,1,0,-558216.558990,151503.752451
0.029733,0.026082,0.002838,1,1,864161.861054,-692333.560435
0.033623,-0.020661,-0.004015,0,0,1162956.390174,-466713.474610
0.033623,-0.020661,-0.004015,1,-1,-1122058.626857,11121323.147440
0.033623,-0.020661,-0.004015,1,0,1525194.970561,-17759764.911511
0.033623,-0.020661,-0.004015,1,1,344821.666354,-10473974.681334
0.018160,-0.015472,-0.031790,0,0,101374.784346,2046645.266465
0.018160,-0.015472,-0.031790,1,-1,2550966.287908,5757913.784817
0.018160,-0.015472,-0.031790,1,0,-342756.762813,-4209100.523028
0.018160,-0.015472,-0.031790,1,1,2572063.089473,-5652431.719345
-0.032845,0.018726,-0.011914,0,0,1657689.572669,-8591590.783202
-0.032845,0.018726,-0.011914,1,-1,-9379370.287968,16644668.838830
-0.032845,0.018726,-0.011914,1,0,-538535.112287,-12634122.724699
-0.032845,0.018726,-0.011914,1,1,-7943365.843721,-16310949.343180
-0.039561,-0.000282,-0.002370,0,0,656047.419407,-1944420.443998
-0.039561,-0.000282,-0.002370,1,-1,1188913.818125,8765416.428296
-0.039561,-0.000282,-0.002370,1,0,314192.479915,-1310020.935699
-0.039561,-0.000282,-0.002370,1,1,1077814.118190,-8660100.847786
-0.010631,-0.027005,0.027042,0,0,-1686107.352589,859812.751106
-0.010631,-0.027005,0.027042,1,-1,-9147404.276139,-1342699.790654
-0.010631,-0.027005,0.027042,1,0,-95469.305513,-14522559.270713
-0.010631,-0.027005,0.027042,1,1,-7660907.047799,1452506.982605
0.022907,0.003655,0.032257,0,0,-888410.850659,7500243.743405
0.022907,0.003655,0.032257,1,-1,-20134875.278253,12613188.486771
0.022907,0.003655,0.032257,1,0,922314.219776,7337215.073959
0.022907,0.003655,0.032257,1,1,-17931269.073193,-13737411.115171
0.008435,-0.012861,-0.036600,0,0,165864.508640,-3035026.927626
0.008435,-0.012861,-0.036600,1,-1,-3760246.389867,-1276925.225378
0.008435,-0.012861,-0.036600,1,0,-20115.726728,-2066321.623550
0.008435,-0.012861,-0.036600,1,1,-4152449.377558,418177.765564
-0.015461,-0.036466,0.001014,0,0,-624363.939781,-4305510.508576
-0.015461,-0.036466,0.001014,1,-1,3183261.736823,-9007843.020193
-0.015461,-0.036466,0.001014,1,0,130639.841801,-7417767.116215
-0.015461,-0.036466,0.001014,1,1,3806424.009943,8218738.078029
-0.029169,-0.005524,-0.026354,0,0,-398692.904075,5109791.248511
-0.029169,-0.005524,-0.026354,1,-1,-7531583.068578,5333435.127295
-0.029169,-0.005524,-0.026354,1,0,-27922.529640,-1232122.748543
-0.029169,-0.005524,-0.026354,1,1,-7481351.280274,-5791293.201679
-0.002182,0.032820,0.022098,0,0,286619.587843,5972848.550446
-0.002182,0.032820,0.022098,1,-1,-4542550.432651,-1068769.361882
-0.002182,0.032820,0.022098,1,0,-299427.958008,3522703.573011
-0.002182,0.032820,0.022098,1,1,-3914325.860677,718435.218066
0.016185,0.021830,0.028900,0,0,-194460.341215,3356398.035409
0.016185,0.021830,0.028900,1,-1,-3744481.390632,3904286.365446
0.016185,0.021830,0.028900,1,0,-196506.429165,1219384.064924
0.016185,0.021830,0.028900,1,1,-3763529.665284,-4373490.042410
0.022915,-0.031635,-0.006910,0,0,410180.518213,1531012.359680
0.022915,-0.031635,-0.006910,1,-1,-2027631.212721,5182969.950145
0.022915,-0.031635,-0.006910,1,0,1394671.622056,-13571403.912209
0.022915,-0.031635,-0.006910,1,1,-316526.028649,-5698007.158547
0.013408,-0.024076,-0.028493,0,0,65717.176144,1861004.844275
0.013408,-0.024076,-0.028493,1,-1,579184.115588,-69572.856675
0.013408,-0.024076,-0.028493,1,0,-100484.049621,-2610306.407660
0.013408,-0.024076,-0.028493,1,1,-364538.988314,12002.006639
0.012064,-0.007865,-0.037018,0,0,797860.957336,-6644884.898358
0.012064,-0.007865,-0.037018,1,-1,-5203433.084323,-2282955.527486
0.012064,-0.007865,-0.037018,1,0,302186.924288,94973.947113
0.012064,-0.007865,-0.037018,1,1,-5927021.890542,1659707.935019
-0.008258,0.007601,0.038019,0,0,-486089.784271,-2830510.670983
-0.008258,0.007601,0.038019,1,-1,-7850384.455411,-6240338.294505
-0.008258,0.007601,0.038019,1,0,-202034.520364,1520033.745028
-0.008258,0.007601,0.038019,1,1,-8457465.893361,5524824.278673
-0.027723,0.026549,-0.010185,0,0,12983.796718,1210545.237198
-0.027723,0.026549,-0.010185,1,-1,-4753320.179159,11082676.547656
-0.027723,0.026549,-0.010185,1,0,-928938.591989,-11794232.969444
-0.027723,0.026549,-0.010185,1,1,-4788490.953392,-9936406.410324
-0.012647,0.036985,-0.006444,0,0,-1284355.386960,-2166565.685156
-0.012647,0.036985,-0.006444,1,-1,-3208787.922940,6644777.254153
-0.012647,0.036985,-0.006444,1,0,2614655.601835,-14816150.572665
-0.012647,0.036985,-0.006444,1,1,-1331198.097800,-8797552.513096
-0.011956,0.012284,-0.035756,0,0,-758716.958996,538703.287037
-0.011956,0.012284,-0.035756,1,-1,-13407162.496320,2922970.648827
-0.011956,0.012284,-0.035756,1,0,15061.534004,-6763419.278444
-0.011956,0.012284,-0.035756,1,1,-12244257.671557,-3529361.500825
0.024689,-0.029114,-0.010679,0,0,536743.826935,876063.293188
0.024689,-0.029114,-0.010679,1,-1,1566386.832720,6230655.598495
0.024689,-0.029114,-0.010679,1,0,1030526.917379,-5356937.757919
0.024689,-0.029114,-0.010679,1,1,3563385.249578,-6306936.673226
0.001401,-0.010203,-0.038303,0,0,-237574.456073,-4542962.335723
0.001401,-0.010203,-0.038303,1,-1,-14545635.053258,-506152.625488
0.001401,-0.010203,-0.038303,1,0,-1450063.721286,10949813.547920
0.001401,-0.010203,-0.038303,1,1,-14186622.497195,-1620064.839257
-0.007268,0.032382,-0.021674,0,0,-1289011.329423,-1122034.041850
-0.007268,0.032382,-0.021674,1,-1,-4000156.581416,-2901772.321801
-0.007268,0.032382,-0.021674,1,0,1806645.171803,-17643547.554360
-0.007268,0.032382,-0.021674,1,1,-2999739.673396,1080765.601320
-0.023189,-0.024495,0.020938,0,0,-301520.478461,-1310702.663416
-0.023189,-0.024495,0.020938,1,-1,-2189245.965840,-1749356.976706
-0.023189,-0.024495,0.020938,1,0,-257562.811444,-374669.918152
-0.023189,-0.024495,0.020938,1,1,-2069768.935964,1727498.319913
0.012765,-0.012899,0.035268,0,0,-241355.120211,2078940.623960
0.012765,-0.012899,0.035268,1,-1,-9363898.823687,6717324.922588
0.012765,-0.012899,0.035268,1,0,36515.879801,-4665673.267817
0.012765,-0.012899,0.035268,1,1,-8654186.440673,-6841376.074736
0.030085,-0.016501,0.019932,0,0,34160.102067,4404366.534098
0.030085,-0.016501,0.019932,1,-1,-8232405.989802,10541883.914162
0.030085,-0.016501,0.019932,1,0,-200939.374275,-11142516.178038
0.030085,-0.016501,0.019932,1,1,-8023881.349725,-13794348.134599
-0.016492,-0.033711,-0.012752,0,0,-496406.106936,2160449.984991
-0.016492,-0.033711,-0.012752,1,-1,-2139289.807035,833496.357926
-0.016492,-0.033711,-0.012752,1,0,689520.159164,646010.669681
-0.016492,-0.033711,-0.012752,1,1,-2730441.001034,-1466005.252661
-0.039359,-0.004939,-0.000690,0,0,387962.053870,-2664127.102363
-0.039359,-0.004939,-0.000690,1,-1,1052212.396911,8053896.030408
-0.039359,-0.004939,-0.000690,1,0,388462.748007,3388099.943665
-0.039359,-0.004939,-0.000690,1,1,-243833.493492,-8069275.381104
0.006608,-0.036983,-0.012759,0,0,878975.271251,2661029.510229
0.006608,-0.036983,-0.012759,1,-1,128362.303158,5444137.304365
0.006608,-0.036983,-0.012759,1,0,-62628.765080,-4803420.442706
0.006608,-0.036983,-0.012759,1,1,-384330.164585,-4491006.889690
-0.010771,0.028411,-0.025606,0,0,-1384570.053642,-81072.864776
-0.010771,0.028411,-0.025606,1,-1,-17164570.136303,5182069.045320
-0.010771,0.028411,-0.025606,1,0,2616291.721469,-16403063.518711
-0.010771,0.028411,-0.025606,1,1,-17180504.250395,-8311806.188608
0.020388,-0.021828,-0.026029,0,0,417957.929446,2291182.088992
0.020388,-0.021828,-0.026029,1,-1,1705176.690831,594458.812784
0.020388,-0.021828,-0.026029,1,0,255720.361640,-686262.023729
0.020388,-0.021828,-0.026029,1,1,1599607.833397,-957420.445181
0.035854,-0.016718,-0.002976,0,0,1575978.725189,-2128386.647921
0.035854,-0.016718,-0.002976,1,-1,-1444833.094233,16593463.171915
0.035854,-0.016718,-0.002976,1,0,826738.441836,-9111642.260403
0.035854,-0.016718,-0.002976,1,1,188339.264860,-15809685.582719
-0.022550,0.013590,0.029735,0,0,-15483.649779,2879543.871270
-0.022550,0.013590,0.029735,1,-1,1549093.617238,792119.195803
-0.022550,0.013590,0.029735,1,0,767170.633169,2320097.473771
-0.022550,0.013590,0.029735,1,1,1725437.197344,-433633.542003
0.012293,-0.013107,0.035362,0,0,-209932.242094,1742088.062354
0.012293,-0.013107,0.035362,1,-1,-8977912.643744,6003202.661186
0.012293,-0.013107,0.035362,1,0,82196.250645,-4450383.088713
0.012293,-0.013107,0.035362,1,1,-8328101.643062,-6107621.551017
-0.034837,0.016896,0.008642,0,0,468748.537355,164784.175462
-0.034837,0.016896,0.008642,1,-1,2007223.805633,7711545.520626
-0.034837,0.016896,0.008642,1,0,-259087.880700,-3311894.035211
-0.034837,0.016896,0.008642,1,1,1363487.197719,-8042850.808332
-0.035893,-0.014937,0.007615,0,0,-194614.828400,-679839.960207
-0.035893,-0.014937,0.007615,1,-1,-2183124.913202,-2443656.073437
-0.035893,-0.014937,0.007615,1,0,665470.727794,-4320195.316152
-0.035893,-0.014937,0.007615,1,1,-2561943.075303,1010875.862723
0.014029,0.029692,0.022236,0,0,73617.051648,1206517.684897
0.014029,0.029692,0.022236,1,-1,-2619535.539854,-1976971.011789
0.014029,0.029692,0.022236,1,0,-908029.831848,5946119.315223
0.014029,0.029692,0.022236,1,1,-2717664.725210,-353996.523217
-0.039709,0.000696,-0.000135,0,0,773106.887773,-3780431.154109
-0.039709,0.000696,-0.000135,1,-1,3285120.176757,8223725.443696
-0.039709,0.000696,-0.000135,1,0,457642.966169,-3035959.683792
-0.039709,0.000696,-0.000135,1,1,3235290.193492,-8182067.345906
-0.013780,0.010571,-0.035675,0,0,-568186.697083,529807.633412
-0.013780,0.010571,-0.035675,1,-1,-14251240.361495,4927151.819251
-0.013780,0.010571,-0.035675,1,0,-497353.409535,-3248383.656761
-0.013780,0.010571,-0.035675,1,1,-13808099.647036,-4993906.329280
0.033968,-0.012942,0.015925,0,0,1067854.972673,3799126.067275
0.033968,-0.012942,0.015925,1,-1,-4568377.761406,11994867.321231
0.033968,-0.012942,0.015925,1,0,615325.392756,-10350986.418243
0.033968,-0.012942,0.015925,1,1,-4203357.052969,-12910970.298763
-0.005289,0.003080,0.039165,0,0,-360372.562312,-1301597.489781
-0.005289,0.003080,0.039165,1,-1,-12961812.342798,-2548684.211139
-0.005289,0.003080,0.039165,1,0,252468.961631,-5859819.796875
-0.005289,0.003080,0.039165,1,1,-13378176.975274,1417015.159250
-0.006235,-0.034509,-0.018465,0,0,-128050.766087,867723.668923
-0.006235,-0.034509,-0.018465,1,-1,2110124.179631,1164279.796681
-0.006235,-0.034509,-0.018465,1,0,-962628.056140,-1743282.897118
-0.006235,-0.034509,-0.018465,1,1,1993880.187787,-1447582.128005
-0.037107,-0.001044,0.014018,0,0,239380.451993,-2305082.080716
-0.037107,-0.001044,0.014018,1,-1,-956939.175456,1974244.443940
-0.037107,-0.001044,0.014018,1,0,-269027.538257,-3952320.919548
-0.037107,-0.001044,0.014018,1,1,-1777087.622707,-1650413.241264
0.023051,0.014283,0.029045,0,0,48445.773225,12449946.547218
0.023051,0.014283,0.029045,1,-1,-10838961.610254,8930519.940720
0.023051,0.014283,0.029045,1,0,-616860.819603,7458109.317062
0.023051,0.014283,0.029045,1,1,-9924730.782628,-10472305.864054
-0.034336,0.000495,0.019962,0,0,689277.733337,-1433880.941922
-0.034336,0.000495,0.019962,1,-1,-602512.079778,1629677.657420
-0.034336,0.000495,0.019962,1,0,745373.842002,-5038725.110402
-0.034336,0.000495,0.019962,1,1,-761493.537499,-1783497.234835
-0.008963,-0.011045,0.037022,0,0,-1076809.301204,2336989.177900
-0.008963,-0.011045,0.037022,1,-1,-8436186.056193,-1717600.600737
-0.008963,-0.011045,0.037022,1,0,-601616.984247,-6830750.245251
-0.008963,-0.011045,0.037022,1,1,-9103958.142533,3221603.398696
-0.012556,-0.037338,0.004274,0,0,-1467922.913200,-11065012.803326
-0.012556,-0.037338,0.004274,1,-1,1096667.272030,-10600331.370260
-0.012556,-0.037338,0.004274,1,0,358061.169789,-17563555.709914
-0.012556,-0.037338,0.004274,1,1,1767101.476359,8417422.043599
0.029446,-0.013741,-0.022696,0,0,1621894.046079,-146824.488927
0.029446,-0.013741,-0.022696,1,-1,1748738.415918,2688869.682236
0.029446,-0.013741,-0.022696,1,0,844395.155714,-6480835.140454
0.029446,-0.013741,-0.022696,1,1,1133958.761224,-493958.984668
0.027938,-0.017403,-0.022061,0,0,1150902.765824,1962169.794629
0.027938,-0.017403,-0.022061,1,-1,-1789315.934901,1541583.587243
0.027938,-0.017403,-0.022061,1,0,1048930.637012,-2053020.497372
0.027938,-0.017403,-0.022061,1,1,-1534830.273835,-113021.443305
-0.030955,0.010702,-0.022484,0,0,399609.701714,2874059.119991
-0.030955,0.010702,-0.022484,1,-1,-10372827.125859,19521661.625506
-0.030955,0.010702,-0.022484,1,0,-1196568.029467,-2130563.284604
-0.030955,0.010702,-0.022484,1,1,-8791694.151740,-19740343.472124
0.010878,-0.037722,0.005560,0,0,-1153077.599723,5089326.577193
0.010878,-0.037722,0.005560,1,-1,-6894800.074871,6105254.001938
0.010878,-0.037722,0.005560,1,0,-418149.932200,-19265359.508339
0.010878,-0.037722,0.005560,1,1,-7265266.863287,-7432369.364690
-0.017335,-0.035436,-0.003700,0,0,-560071.068007,1478952.073420
-0.017335,-0.035436,-0.003700,1,-1,2391265.695036,-3840202.244544
-0.017335,-0.035436,-0.003700,1,0,-161775.608206,234006.225336
-0.017335,-0.035436,-0.003700,1,1,2008899.318844,4262060.849649
-0.011174,-0.006683,0.037438,0,0,-1599368.523767,2657085.827340
-0.011174,-0.006683,0.037438,1,-1,-11632336.855730,-5372097.008861
-0.011174,-0.006683,0.037438,1,0,-49324.430864,-1444344.422452
-0.011174,-0.006683,0.037438,1,1,-12987645.623090,4757686.051258
0.024342,0.028002,0.014224,0,0,467996.625082,3051516.365966
0.024342,0.028002,0.014224,1,-1,-2152352.380937,1571223.777904
0.024342,0.028002,0.014224,1,0,-679037.736172,4450658.738511
0.024342,0.028002,0.014224,1,1,-1619320.697574,-1932537.324973
0.022298,0.000075,-0.032807,0,0,-48125.747669,790602.948282
0.022298,0.000075,-0.032807,1,-1,-4927729.608253,-567127.700193
0.022298,0.000075,-0.032807,1,0,-760191.458477,336117.567930
0.022298,0.000075,-0.032807,1,1,-5248372.889963,-1042185.834726
-0.007529,0.016062,-0.035465,0,0,-1202242.328509,-3914708.660611
-0.007529,0.016062,-0.035465,1,-1,-12101940.850857,-1202239.808232
-0.007529,0.016062,-0.035465,1,0,812807.534579,-13331830.010313
-0.007529,0.016062,-0.035465,1,1,-10518401.745719,-11574.268376
0.014895,-0.036701,-0.000954,0,0,-496831.121766,6836333.561348
0.014895,-0.036701,-0.000954,1,-1,2634774.654379,5739324.010303
0.014895,-0.036701,-0.000954,1,0,1563732.184175,-18307655.986752
0.014895,-0.036701,-0.000954,1,1,3387544.722909,-6371126.685305
