geo_name,ellipsoid,mode,0,k,196.836604,max_r,0.060000
source_x,source_y,source_z,n,m,re,im
0.020506,-0.008120,0.006440,0,0,-989863.499042,462016.884843
0.020506,-0.008120,0.006440,1,-1,1107173.402400,-67418.666871
0.020506,-0.008120,0.006440,1,0,-382793.848520,-147218.696936
0.020506,-0.008120,0.006440,1,1,1529756.424910,-1388103.349990
-0.030394,0.002489,0.025279,0,0,7157033.874059,6493454.097324
-0.030394,0.002489,0.025279,1,-1,-7880867.030555,-15826336.459874
-0.030394,0.002489,0.025279,1,0,20097533.963901,18711124.411944
-0.030394,0.002489,0.025279,1,1,1215122.415493,18127277.648333
0.006866,-0.006781,0.026652,0,0,916212.937777,-4649393.795380
0.006866,-0.006781,0.026652,1,-1,5005967.439689,-2866520.288195
0.006866,-0.006781,0.026652,1,0,1324195.288098,2763718.972215
0.006866,-0.006781,0.026652,1,1,2845831.027144,6959072.890580
0.005571,-0.007079,0.025843,0,0,747588.539797,-3456654.965269
0.005571,-0.007079,0.025843,1,-1,4139822.760371,-2603312.631683
0.005571,-0.007079,0.025843,1,0,1034988.742183,1034753.906406
0.005571,-0.007079,0.025843,1,1,3390104.370233,5363362.552912
0.007980,0.009458,0.008348,0,0,-1622389.602113,-2106731.155708
0.007980,0.009458,0.008348,1,-1,1626352.344512,-1145170.156985
0.007980,0.009458,0.008348,1,0,-1407693.306185,-1165061.926170
0.007980,0.009458,0.008348,1,1,248849.824794,-1891975.606321
-0.020882,-0.007930,-0.008201,0,0,-289536.298911,-2089995.475900
-0.020882,-0.007930,-0.008201,1,-1,-1384825.526465,2852345.444099
-0.020882,-0.007930,-0.008201,1,0,381626.535088,-393372.210541
-0.020882,-0.007930,-0.008201,1,1,-556039.258356,550126.934197
-0.036866,0.002475,-0.014292,0,0,-807364.848149,-139617.173254
-0.036866,0.002475,-0.014292,1,-1,-1049941.545229,1353468.362125
-0.036866,0.002475,-0.014292,1,0,-402452.920461,1164477.489548
-0.036866,0.002475,-0.014292,1,1,-429772.033653,1447129.670665
0.007471,-0.004308,-0.034576,0,0,2307008.490398,1797399.370034
0.007471,-0.004308,-0.034576,1,-1,-1203086.553497,-617484.748794
0.007471,-0.004308,-0.034576,1,0,-321241.014904,1288742.087091
0.007471,-0.004308,-0.034576,1,1,3877498.947611,-1637150.863126
0.038833,0.000961,-0.016420,0,0,2249464.413030,1886610.615773
0.038833,0.000961,-0.016420,1,-1,3190196.125799,5458641.906384
0.038833,0.000961,-0.016420,1,0,13379446.647691,20963085.224432
0.038833,0.000961,-0.016420,1,1,5843156.011121,-3954646.790686
0.037320,0.003522,-0.001608,0,0,2686471.944749,21513.783239
0.037320,0.003522,-0.001608,1,-1,-2659738.711111,5261926.901905
0.037320,0.003522,-0.001608,1,0,6019799.644417,-5617310.806603
0.037320,0.003522,-0.001608,1,1,-4601659.391807,-12653336.275685
-0.013313,0.007067,0.022770,0,0,232888.415019,-4081924.339737
-0.013313,0.007067,0.022770,1,-1,839339.748729,9089695.834528
-0.013313,0.007067,0.022770,1,0,-922424.829951,-3339892.380356
-0.013313,0.007067,0.022770,1,1,2648823.393480,-5979773.878502
-0.004544,0.009888,-0.001661,0,0,-225972.324237,-673698.569634
-0.004544,0.009888,-0.001661,1,-1,-3588244.752576,2639999.571831
-0.004544,0.009888,-0.001661,1,0,471097.434921,1145110.665119
-0.004544,0.009888,-0.001661,1,1,-563805.919887,3812006.143631
-0.039239,0.002266,-0.007434,0,0,569381.220046,1880404.920798
-0.039239,0.002266,-0.007434,1,-1,-1348663.561871,-907801.537012
-0.039239,0.002266,-0.007434,1,0,2768814.175768,335947.504775
-0.039239,0.002266,-0.007434,1,1,-1548674.747494,5221679.819307
0.002960,-0.007407,0.024758,0,0,558407.879473,-1660225.236275
0.002960,-0.007407,0.024758,1,-1,2476652.265100,-1450609.356122
0.002960,-0.007407,0.024758,1,0,248641.585905,-258229.087115
0.002960,-0.007407,0.024758,1,1,3204647.058839,2625336.281304
-0.007006,0.009249,-0.011538,0,0,-3576243.401060,-3701577.051405
-0.007006,0.009249,-0.011538,1,-1,841595.113488,739637.511404
-0.007006,0.009249,-0.011538,1,0,-3231323.281565,-4971314.246301
-0.007006,0.009249,-0.011538,1,1,-264186.109701,-297499.121344
0.013439,0.008824,0.010412,0,0,-653359.484270,-1236896.249727
0.013439,0.008824,0.010412,1,-1,554687.376607,3325406.363543
0.013439,0.008824,0.010412,1,0,-111127.327940,-2821278.478090
0.013439,0.008824,0.010412,1,1,-1450126.029979,-1638344.158372
-0.022612,0.007498,-0.009424,0,0,-198127.630014,159357.953852
-0.022612,0.007498,-0.009424,1,-1,351046.360991,-1259705.416388
-0.022612,0.007498,-0.009424,1,0,-137853.274669,-296001.311206
-0.022612,0.007498,-0.009424,1,1,-199879.818968,1543693.773114
0.012001,-0.003080,0.036360,0,0,4025770.414334,1659203.056080
0.012001,-0.003080,0.036360,1,-1,-6420654.569531,8158946.661123
0.012001,-0.003080,0.036360,1,0,-7238264.227405,1918952.467916
0.012001,-0.003080,0.036360,1,1,-11444493.471399,-5681188.601559
-0.029797,0.002322,-0.026520,0,0,-2263893.818914,28029.180989
-0.029797,0.002322,-0.026520,1,-1,-3857165.120058,6657879.255647
-0.029797,0.002322,-0.026520,1,0,-8143055.745474,-874122.664296
-0.029797,0.002322,-0.026520,1,1,-3838994.334858,-5647867.876134
0.027890,-0.002633,0.027539,0,0,3357679.440661,-378645.295183
0.027890,-0.002633,0.027539,1,-1,-5772106.104605,7258333.542666
0.027890,-0.002633,0.027539,1,0,-10773849.224513,-4113768.133305
0.027890,-0.002633,0.027539,1,1,-7423189.772840,-4918067.466300
-0.000229,0.009966,-0.002006,0,0,-656250.410792,-651775.719184
-0.000229,0.009966,-0.002006,1,-1,102115.644956,1947538.086326
-0.000229,0.009966,-0.002006,1,0,432097.863531,1019321.160216
-0.000229,0.009966,-0.002006,1,1,-1154165.963362,507062.651173
0.011298,0.007469,0.021914,0,0,-41610.862967,3946037.481480
0.011298,0.007469,0.021914,1,-1,-5555853.385861,5818537.587549
0.011298,0.007469,0.021914,1,0,1041198.380954,-668762.246201
0.011298,0.007469,0.021914,1,1,-4610392.307517,-5485050.946108
0.011092,-0.009485,0.001518,0,0,-509313.287603,311671.086736
0.011092,-0.009485,0.001518,1,-1,-3068072.497669,3013829.724749
0.011092,-0.009485,0.001518,1,0,-826982.467734,-503456.406478
0.011092,-0.009485,0.001518,1,1,-781219.712420,2750517.227297
0.028028,0.005868,0.012760,0,0,-839738.458060,4381691.999079
0.028028,0.005868,0.012760,1,-1,-5014803.926543,-2454268.019099
0.028028,0.005868,0.012760,1,0,-209763.984029,1514679.841186
0.028028,0.005868,0.012760,1,1,-4425575.065885,-45397.825827
-0.032099,-0.004128,0.015954,0,0,-8620822.934936,-4407744.241049
-0.032099,-0.004128,0.015954,1,-1,13945117.544908,17678503.624593
-0.032099,-0.004128,0.015954,1,0,12237885.337556,-2342219.775026
-0.032099,-0.004128,0.015954,1,1,-1599009.884912,-22502445.594323
-0.037925,0.003021,0.005852,0,0,3298396.166076,2805399.576463
-0.037925,0.003021,0.005852,1,-1,-6843491.839892,-6369029.403398
-0.037925,0.003021,0.005852,1,0,10495875.572351,9718390.221790
-0.037925,0.003021,0.005852,1,1,-898191.390952,9334522.108751
-0.025059,0.007353,0.002420,0,0,2141098.742261,232753.462938
-0.025059,0.007353,0.002420,1,-1,1495489.099131,4017833.179997
-0.025059,0.007353,0.002420,1,0,-363602.526259,-1072896.619930
-0.025059,0.007353,0.002420,1,1,215230.149585,-6013806.631957
0.028775,0.004749,0.018426,0,0,-2107755.913848,5404209.099498
0.028775,0.004749,0.018426,1,-1,277396.281296,-8464544.378276
0.028775,0.004749,0.018426,1,0,-3928087.513297,9566990.165385
0.028775,0.004749,0.018426,1,1,289029.153775,341948.360209
-0.007402,0.005830,-0.030079,0,0,-2249436.099553,11986581.226050
-0.007402,0.005830,-0.030079,1,-1,1722553.203533,4098205.684293
-0.007402,0.005830,-0.030079,1,0,-7724.905608,13883309.643988
-0.007402,0.005830,-0.030079,1,1,-1364479.073011,7193818.688199
0.000214,0.009965,-0.002179,0,0,-643887.927634,-597252.509334
0.000214,0.009965,-0.002179,1,-1,514343.293778,1915113.753804
0.000214,0.009965,-0.002179,1,0,483781.046173,1028806.456498
0.000214,0.009965,-0.002179,1,1,-1309629.590792,164110.820128
-0.002853,0.007779,-0.022938,0,0,410652.225021,5251567.663242
-0.002853,0.007779,-0.022938,1,-1,7502105.376882,-2343771.654627
-0.002853,0.007779,-0.022938,1,0,249909.818010,-3872505.161830
-0.002853,0.007779,-0.022938,1,1,8609483.448846,1090926.337131
-0.001413,-0.008829,0.016927,0,0,916197.852706,4947.595376
-0.001413,-0.008829,0.016927,1,-1,1082392.095134,2439406.687353
-0.001413,-0.008829,0.016927,1,0,-1813954.953500,-1864038.561827
-0.001413,-0.008829,0.016927,1,1,-1914307.895083,-3471599.698572
-0.015944,-0.007196,-0.020380,0,0,753691.971137,-4905872.364389
-0.015944,-0.007196,-0.020380,1,-1,-7087663.712742,2288876.600600
-0.015944,-0.007196,-0.020380,1,0,880176.793366,-321890.490836
-0.015944,-0.007196,-0.020380,1,1,-3605445.796671,-4833264.773297
0.027972,0.002807,-0.026990,0,0,5620717.807067,3084853.901551
0.027972,0.002807,-0.026990,1,-1,11487519.341101,11580282.801428
0.027972,0.002807,-0.026990,1,0,19468168.787539,14614318.175567
0.027972,0.002807,-0.026990,1,1,7558210.243917,-14225702.130544
-0.016622,0.008246,-0.012378,0,0,-1754762.066596,-1203141.872876
-0.016622,0.008246,-0.012378,1,-1,1384442.983260,-3559874.009017
-0.016622,0.008246,-0.012378,1,0,-1069134.992884,-3772386.468900
-0.016622,0.008246,-0.012378,1,1,1730651.488429,2445576.820679
-0.023679,-0.004477,-0.025688,0,0,3703998.579321,-6203714.298955
-0.023679,-0.004477,-0.025688,1,-1,2204900.696494,-3645802.819961
-0.023679,-0.004477,-0.025688,1,0,-4583322.673613,15922708.206442
-0.023679,-0.004477,-0.025688,1,1,6784684.942858,-1837095.503928
0.010550,-0.007882,-0.020010,0,0,1363530.805872,3512165.944358
0.010550,-0.007882,-0.020010,1,-1,3926860.381261,3100359.655545
0.010550,-0.007882,-0.020010,1,0,481537.713091,2461253.715651
0.010550,-0.007882,-0.020010,1,1,2104861.870907,-3386961.830850
-0.037127,0.003191,-0.008140,0,0,534975.197672,839538.693633
-0.037127,0.003191,-0.008140,1,-1,-285314.908575,573630.620277
-0.037127,0.003191,-0.008140,1,0,1770620.868633,-1950446.836848
-0.037127,0.003191,-0.008140,1,1,301165.395570,5023977.969179
0.009052,0.005631,0.030246,0,0,-839486.098991,6455674.141835
0.009052,0.005631,0.030246,1,-1,-2140269.965866,-1845676.989285
0.009052,0.005631,0.030246,1,0,326598.936331,7498328.069433
0.009052,0.005631,0.030246,1,1,-640886.974675,-5319776.987095
0.030003,-0.006071,-0.003352,0,0,-1648009.939201,7062633.360144
0.030003,-0.006071,-0.003352,1,-1,346191.274323,4052250.344510
0.030003,-0.006071,-0.003352,1,0,-576847.212175,-5719759.265350
0.030003,-0.006071,-0.003352,1,1,5674153.334521,-3798156.849179
0.031659,-0.005298,0.007888,0,0,-713078.935162,3949928.690965
0.031659,-0.005298,0.007888,1,-1,1111347.015983,5981685.542245
0.031659,-0.005298,0.007888,1,0,659523.615078,469215.595928
0.031659,-0.005298,0.007888,1,1,2189889.853047,1086105.417848
0.014947,0.004901,0.030355,0,0,-2244645.185668,6816322.427422
0.014947,0.004901,0.030355,1,-1,-1255268.193650,-2722642.643307
0.014947,0.004901,0.030355,1,0,-3119850.777163,13457146.035636
0.014947,0.004901,0.030355,1,1,4758665.834567,-3887671.408360
-0.029696,0.000810,-0.030342,0,0,-1171825.574106,455906.333896
-0.029696,0.000810,-0.030342,1,-1,616332.827791,2790240.478555
-0.029696,0.000810,-0.030342,1,0,-11830533.292613,-26998698.283320
-0.029696,0.000810,-0.030342,1,1,-1510320.930759,-1456346.389219
0.015448,0.001929,0.037556,0,0,-1589079.639764,-2552238.907012
0.015448,0.001929,0.037556,1,-1,8414679.512631,-2146405.609413
0.015448,0.001929,0.037556,1,0,-12762391.352533,-19543461.103911
0.015448,0.001929,0.037556,1,1,8985732.378516,1268565.896881
-0.032638,0.004710,0.010666,0,0,3911126.062378,825208.631325
-0.032638,0.004710,0.010666,1,-1,-11022892.865731,-2316892.316863
-0.032638,0.004710,0.010666,1,0,4294184.971196,-5391233.815542
-0.032638,0.004710,0.010666,1,1,-1862413.899885,10520374.734650
0.013739,-0.006745,-0.023992,0,0,496178.659143,6311542.100622
0.013739,-0.006745,-0.023992,1,-1,-2592829.923387,5981570.274431
0.013739,-0.006745,-0.023992,1,0,6730.881611,-4890022.400248
0.013739,-0.006745,-0.023992,1,1,3727782.257778,-2599972.822478
-0.015510,-0.008632,-0.010021,0,0,332597.622070,-818124.377189
-0.015510,-0.008632,-0.010021,1,-1,1961372.123246,2883133.245795
-0.015510,-0.008632,-0.010021,1,0,-1244742.771505,-3910494.552986
-0.015510,-0.008632,-0.010021,1,1,1496948.756843,-2649254.713103
-0.027119,-0.005305,0.018062,0,0,-4793682.510614,5053202.555352
-0.027119,-0.005305,0.018062,1,-1,8692470.019685,2474528.332115
-0.027119,-0.005305,0.018062,1,0,2453556.008746,-13188456.684199
-0.027119,-0.005305,0.018062,1,1,-4810869.540802,-7165987.707245
0.038723,0.002490,0.007633,0,0,172914.440922,3221672.310916
0.038723,0.002490,0.007633,1,-1,962117.110962,-381133.950178
0.038723,0.002490,0.007633,1,0,1438775.542355,554752.786454
0.038723,0.002490,0.007633,1,1,351477.163191,-358036.190560
0.001065,0.009368,-0.012464,0,0,-1324654.949017,-1127026.269842
0.001065,0.009368,-0.012464,1,-1,2372575.325577,2552523.785814
0.001065,0.009368,-0.012464,1,0,-1548597.721299,-2395559.768934
0.001065,0.009368,-0.012464,1,1,-2528892.433298,-3473959.150988
0.018858,0.001504,-0.036732,0,0,3660769.758394,-1421405.994710
0.018858,0.001504,-0.036732,1,-1,4907559.411456,-855224.484886
0.018858,0.001504,-0.036732,1,0,13348574.423943,21883355.210487
0.018858,0.001504,-0.036732,1,1,2728085.569381,-2885696.817290
-0.029480,0.005836,0.009368,0,0,2070572.051360,-2397864.922955
-0.029480,0.005836,0.009368,1,-1,-4121548.226503,2939451.319354
-0.029480,0.005836,0.009368,1,0,-1070917.017963,-9437770.447298
-0.029480,0.005836,0.009368,1,1,2398996.214430,1035134.746617
0.012791,0.002953,0.036364,0,0,-2058327.447224,-965189.971254
0.012791,0.002953,0.036364,1,-1,9441620.089932,-2798358.653801
0.012791,0.002953,0.036364,1,0,-7892632.420886,-1561160.615168
0.012791,0.002953,0.036364,1,1,10834615.094046,-179774.514606
-0.037056,0.002962,0.010682,0,0,5036812.960774,6287739.159279
-0.037056,0.002962,0.010682,1,-1,-14414698.986793,-6363713.772853
-0.037056,0.002962,0.010682,1,0,16847774.211211,23086559.288337
-0.037056,0.002962,0.010682,1,1,-6487018.440869,13932939.929180
-0.017939,0.008321,0.009237,0,0,3491778.362869,2307357.254446
-0.017939,0.008321,0.009237,1,-1,5977456.709117,616026.305058
-0.017939,0.008321,0.009237,1,0,1462990.889640,4021383.962477
-0.017939,0.008321,0.009237,1,1,1875860.403429,-5029459.719539
-0.010013,0.000500,0.041671,0,0,-616019.499029,1112353.408379
-0.010013,0.000500,0.041671,1,-1,2794603.083391,-523258.907776
-0.010013,0.000500,0.041671,1,0,-4817608.300114,-7422591.284738
-0.010013,0.000500,0.041671,1,1,1777143.255690,1584782.799637
0.040210,0.001880,0.005770,0,0,199056.552844,3407966.323036
0.040210,0.001880,0.005770,1,-1,1457521.459792,438611.231124
0.040210,0.001880,0.005770,1,0,4716410.983050,7681340.023326
0.040210,0.001880,0.005770,1,1,1458815.593790,-913126.024598
0.014421,0.009021,-0.005963,0,0,1707611.137442,2321742.447044
0.014421,0.009021,-0.005963,1,-1,-483732.858731,-938064.867989
0.014421,0.009021,-0.005963,1,0,2639535.306480,5139529.632090
0.014421,0.009021,-0.005963,1,1,1567848.185054,1921669.343881
0.011780,-0.009419,-0.001674,0,0,-1932921.070314,-495945.749503
0.011780,-0.009419,-0.001674,1,-1,-2665267.555942,2136583.999834
0.011780,-0.009419,-0.001674,1,0,877399.646635,1835888.547937
0.011780,-0.009419,-0.001674,1,1,-793563.664365,1673806.706313
0.005819,0.009559,0.008592,0,0,-1879801.280943,-2113659.625599
0.005819,0.009559,0.008592,1,-1,868808.104396,-1865749.441273
0.005819,0.009559,0.008592,1,0,-1797435.329753,-815036.057729
0.005819,0.009559,0.008592,1,1,717515.916814,-1162938.272321
0.002627,0.009412,-0.011720,0,0,-656221.828661,-443837.996135
0.002627,0.009412,-0.011720,1,-1,1982713.120504,2771793.767475
0.002627,0.009412,-0.011720,1,0,-787778.544124,-1248240.943312
0.002627,0.009412,-0.011720,1,1,-3235171.567341,-3341342.962121
-0.006189,-0.009197,0.012606,0,0,-1654109.547356,-1782484.936888
-0.006189,-0.009197,0.012606,1,-1,1296870.601048,3116458.027524
-0.006189,-0.009197,0.012606,1,0,693375.023983,222438.605307
-0.006189,-0.009197,0.012606,1,1,-3555130.897050,-2348688.890345
-0.024867,0.006614,-0.013185,0,0,-932521.423334,1792374.813375
-0.024867,0.006614,-0.013185,1,-1,4477173.065340,69746.689310
-0.024867,0.006614,-0.013185,1,0,-256013.645522,2154968.491624
-0.024867,0.006614,-0.013185,1,1,2895065.685372,1815427.341995
0.003055,0.008371,0.019662,0,0,-1194314.431009,6732.231383
0.003055,0.008371,0.019662,1,-1,-1697161.363098,-652817.046123
0.003055,0.008371,0.019662,1,0,-793230.719678,-3795369.674953
0.003055,0.008371,0.019662,1,1,-4747829.617547,2946212.606037
-0.018583,-0.002304,0.035251,0,0,-200608.769793,1570036.267319
-0.018583,-0.002304,0.035251,1,-1,2569838.868371,1437504.265585
-0.018583,-0.002304,0.035251,1,0,4563962.186750,330047.690816
-0.018583,-0.002304,0.035251,1,1,811863.847629,-110911.466425
0.004476,-0.009372,0.011592,0,0,3583983.018219,1332756.870634
0.004476,-0.009372,0.011592,1,-1,1631458.670430,1638246.880477
0.004476,-0.009372,0.011592,1,0,-4499863.663830,-4743426.392237
0.004476,-0.009372,0.011592,1,1,-1196852.295125,204744.582396
0.002588,-0.002216,-0.039982,0,0,3371835.432571,5648005.634367
0.002588,-0.002216,-0.039982,1,-1,5953020.090129,-4655610.891422
0.002588,-0.002216,-0.039982,1,0,-11501096.120349,-15818004.354095
0.002588,-0.002216,-0.039982,1,1,8371463.320620,1448961.213665
0.010848,0.009238,0.008307,0,0,-1053869.972133,-1867722.104373
0.010848,0.009238,0.008307,1,-1,2243219.242235,300551.962712
0.010848,0.009238,0.008307,1,0,-598431.967351,-1796679.867934
0.010848,0.009238,0.008307,1,1,-62294.051932,-1772949.038098
0.011983,0.008823,0.012025,0,0,-1036478.649004,-1370023.711783
0.011983,0.008823,0.012025,1,-1,171906.458383,3743934.302434
0.011983,0.008823,0.012025,1,0,-838367.564671,-2943867.360589
0.011983,0.008823,0.012025,1,1,-2148071.794543,-1811640.489100
0.010351,-0.002458,0.038172,0,0,3098904.148419,2700151.571376
0.010351,-0.002458,0.038172,1,-1,-5008489.386912,6208188.005980
0.010351,-0.002458,0.038172,1,0,-8041022.645278,-6804840.677739
0.010351,-0.002458,0.038172,1,1,-8748704.829486,-6027155.022013
0.009946,0.006189,0.028021,0,0,-377547.386293,6587191.994037
0.009946,0.006189,0.028021,1,-1,-4017211.966520,715961.655375
0.009946,0.006189,0.028021,1,0,1091667.718775,5219330.476873
0.009946,0.006189,0.028021,1,1,-2407106.110556,-5438289.044208
-0.041839,-0.001162,0.000662,0,0,-407741.042705,-3645596.333266
-0.041839,-0.001162,0.000662,1,-1,6352293.227403,2697112.571464
-0.041839,-0.001162,0.000662,1,0,10953482.812892,23163304.912081
-0.041839,-0.001162,0.000662,1,1,8789060.441054,-5594494.077928
-0.001865,0.004472,-0.034863,0,0,-4688219.112935,5279848.728452
-0.001865,0.004472,-0.034863,1,-1,-6872032.095441,6254912.537071
-0.001865,0.004472,-0.034863,1,0,-7057868.938520,10630663.750078
-0.001865,0.004472,-0.034863,1,1,-11375186.889003,5656312.223952
-0.040639,0.001773,-0.003507,0,0,1777084.220956,3148153.677982
-0.040639,0.001773,-0.003507,1,-1,-1624951.958641,-4332533.259157
-0.040639,0.001773,-0.003507,1,0,5409172.554024,6639072.645512
-0.040639,0.001773,-0.003507,1,1,-691439.496167,7583897.982433
-0.011845,-0.001861,-0.038892,0,0,3827310.222991,2681362.465385
-0.011845,-0.001861,-0.038892,1,-1,10174685.695903,-3415094.393462
-0.011845,-0.001861,-0.038892,1,0,-18514854.478270,-27012783.968418
-0.011845,-0.001861,-0.038892,1,1,9641122.734345,-3123403.987194
-0.007507,-0.009697,-0.004043,0,0,-595884.215719,-550315.085519
-0.007507,-0.009697,-0.004043,1,-1,2416746.953172,-1928216.782286
-0.007507,-0.009697,-0.004043,1,0,-1358224.801731,-2553458.316555
-0.007507,-0.009697,-0.004043,1,1,1489263.722751,-3937710.681268
0.016179,0.000922,0.038985,0,0,-272930.936131,-974048.540653
0.016179,0.000922,0.038985,1,-1,4370071.025382,1355248.617438
0.016179,0.000922,0.038985,1,0,-15601063.708919,-39231362.386372
0.016179,0.000922,0.038985,1,1,4279424.332772,-1896897.928709
0.030487,-0.005478,-0.009892,0,0,-1811178.337511,9521914.654363
0.030487,-0.005478,-0.009892,1,-1,824467.322536,3259984.381828
0.030487,-0.005478,-0.009892,1,0,1327600.331995,-13661844.283584
0.030487,-0.005478,-0.009892,1,1,5910555.615226,-799164.130899
-0.009644,-0.009638,-0.001259,0,0,-1863096.519939,-1838061.754481
-0.009644,-0.009638,-0.001259,1,-1,2777396.498136,-1368481.094671
-0.009644,-0.009638,-0.001259,1,0,406953.398885,-930030.827728
-0.009644,-0.009638,-0.001259,1,1,1100590.616164,-3640893.779753
-0.022366,-0.007151,0.013330,0,0,-905306.974108,5870999.559566
-0.022366,-0.007151,0.013330,1,-1,-1206189.227288,-9101267.153400
-0.022366,-0.007151,0.013330,1,0,-2671843.307311,-2370655.642073
-0.022366,-0.007151,0.013330,1,1,-3920978.681712,6150826.836506
0.027357,-0.002388,0.028702,0,0,3264718.224914,508686.534376
0.027357,-0.002388,0.028702,1,-1,-8537285.011166,5630641.564253
0.027357,-0.002388,0.028702,1,0,-12474779.148561,-9004033.235226
0.027357,-0.002388,0.028702,1,1,-9623671.427483,-3325624.749921
0.008302,-0.005016,0.032376,0,0,2461561.605738,-4935286.997244
0.008302,-0.005016,0.032376,1,-1,3120211.730166,914243.644366
0.008302,-0.005016,0.032376,1,0,-1132074.158097,11008874.013005
0.008302,-0.005016,0.032376,1,1,-3790899.316283,6013051.332013
-0.018903,-0.006743,-0.020267,0,0,1022002.957121,-6500208.025114
-0.018903,-0.006743,-0.020267,1,-1,-7323742.480453,2271532.628485
-0.018903,-0.006743,-0.020267,1,0,667046.826845,2350194.630285
-0.018903,-0.006743,-0.020267,1,1,-2124397.607795,-7107261.093421
0.000676,0.009904,0.004486,0,0,-561263.293615,-681333.882240
0.000676,0.009904,0.004486,1,-1,-1647559.690059,-2008492.447270
0.000676,0.009904,0.004486,1,0,-112314.464608,1044971.355695
0.000676,0.009904,0.004486,1,1,2180647.444023,-4375.213431
0.030967,-0.001533,0.027215,0,0,2639907.201415,1313685.017932
0.030967,-0.001533,0.027215,1,-1,1573165.036371,5903890.193260
0.030967,-0.001533,0.027215,1,0,-14209236.891925,-25546323.400917
0.030967,-0.001533,0.027215,1,1,-2031717.442077,-6119612.221439
-0.033715,-0.004947,0.000489,0,0,-1506391.237647,5939982.022757
-0.033715,-0.004947,0.000489,1,-1,2933971.772562,-2321238.073753
-0.033715,-0.004947,0.000489,1,0,217139.218453,-10697465.421262
-0.033715,-0.004947,0.000489,1,1,-2194416.250653,-5797090.790616
0.007550,0.005256,0.031909,0,0,-1345717.767753,5869061.116415
0.007550,0.005256,0.031909,1,-1,1019989.750164,-3279531.046202
0.007550,0.005256,0.031909,1,0,-440854.603597,8480941.380152
0.007550,0.005256,0.031909,1,1,942166.494488,-3732268.581485
0.011231,0.004712,0.032399,0,0,-1606318.063857,5156819.096491
0.011231,0.004712,0.032399,1,-1,1059043.163038,-1880249.227798
0.011231,0.004712,0.032399,1,0,-2186550.642888,10287038.406429
0.011231,0.004712,0.032399,1,1,5058871.969203,-3574696.595907
0.008064,-0.005257,-0.031805,0,0,1973841.787302,1611243.668224
0.008064,-0.005257,-0.031805,1,-1,-3168023.945439,2067959.336417
0.008064,-0.005257,-0.031805,1,0,1035264.616990,1393325.099115
0.008064,-0.005257,-0.031805,1,1,1918515.496177,-3567489.193842
0.028579,-0.005319,-0.015666,0,0,-2879280.103957,11294289.354278
0.028579,-0.005319,-0.015666,1,-1,-901534.218369,6659648.641839
0.028579,-0.005319,-0.015666,1,0,2415446.053437,-19196864.987590
0.028579,-0.005319,-0.015666,1,1,5960934.498614,2758008.946578
0.013310,-0.000125,-0.041133,0,0,2449476.036343,-1411119.255363
0.013310,-0.000125,-0.041133,1,-1,1810075.153790,-2403475.105768
0.013310,-0.000125,-0.041133,1,0,-441955.308697,883049.325511
0.013310,-0.000125,-0.041133,1,1,828363.125141,-628044.662520
-0.017946,-0.005765,0.025468,0,0,-1765094.742016,4930266.778648
-0.017946,-0.005765,0.025468,1,-1,1891330.096739,-5353906.722947
-0.017946,-0.005765,0.025468,1,0,909770.108945,-6843737.223463
-0.017946,-0.005765,0.025468,1,1,-3790825.331497,3565491.630501
-0.027904,0.006217,0.010207,0,0,1884108.084061,-2719230.104676
-0.027904,0.006217,0.010207,1,-1,-1755989.042731,3840396.664577
-0.027904,0.006217,0.010207,1,0,-1929248.398858,-8514738.021976
-0.027904,0.006217,0.010207,1,1,3642552.240362,152958.739117
-0.001392,-0.007263,0.025492,0,0,-142415.168585,-626149.675148
-0.001392,-0.007263,0.025492,1,-1,1034660.390458,86902.228031
-0.001392,-0.007263,0.025492,1,0,-155384.392508,1469341.288903
-0.001392,-0.007263,0.025492,1,1,1453063.369149,871985.658279
-0.018113,-0.007519,-0.016518,0,0,439705.870677,-3807788.198363
-0.018113,-0.007519,-0.016518,1,-1,-4069885.031185,4149334.513170
-0.018113,-0.007519,-0.016518,1,0,284573.277198,-2908733.738492
-0.018113,-0.007519,-0.016518,1,1,-1961396.142528,-5010745.876910
0.028339,-0.006322,-0.007310,0,0,-1225508.232613,8022782.245662
0.028339,-0.006322,-0.007310,1,-1,1402096.352031,5228086.537638
0.028339,-0.006322,-0.007310,1,0,-887908.331640,-5868660.197969
0.028339,-0.006322,-0.007310,1,1,6338928.815920,-4624819.951376
-0.007733,-0.009696,0.004108,0,0,-2829850.287925,-2484514.206168
-0.007733,-0.009696,0.004108,1,-1,2554152.839327,527818.650798
-0.007733,-0.009696,0.004108,1,0,1673518.000134,-249807.946772
-0.007733,-0.009696,0.004108,1,1,-1812199.228240,-2369873.235231
0.006660,-0.007260,-0.024614,0,0,1824247.335548,1555018.365466
0.006660,-0.007260,-0.024614,1,-1,332270.629019,4651364.347296
0.006660,-0.007260,-0.024614,1,0,1793679.616573,2835944.331201
0.006660,-0.007260,-0.024614,1,1,-2294684.050220,-4208639.050994
0.003577,0.009633,-0.009170,0,0,-197867.719845,207708.511477
0.003577,0.009633,-0.009170,1,-1,2332799.578421,3171500.017072
0.003577,0.009633,-0.009170,1,0,355117.760003,358512.271903
0.003577,0.009633,-0.009170,1,1,-3682215.384743,-2810169.231702
0.019583,0.005199,-0.026443,0,0,4744653.396095,-6144329.302695
0.019583,0.005199,-0.026443,1,-1,5855486.106639,-3520872.227898
0.019583,0.005199,-0.026443,1,0,3308883.264585,-9091373.350505
0.019583,0.005199,-0.026443,1,1,-411941.853144,-2877126.165864
-0.029845,0.006058,0.004813,0,0,1509218.553645,-2632226.938702
-0.029845,0.006058,0.004813,1,-1,-758537.187120,4914880.107825
-0.029845,0.006058,0.004813,1,0,-1206552.155591,-8663523.073972
-0.029845,0.006058,0.004813,1,1,3559873.584760,-3030263.718113
-0.028393,0.005574,0.014328,0,0,3698159.462756,-2309838.754028
-0.028393,0.005574,0.014328,1,-1,-5992623.687065,-874880.617275
-0.028393,0.005574,0.014328,1,0,576029.002368,-9770056.555865
-0.028393,0.005574,0.014328,1,1,4653041.970402,9132173.510538
-0.010773,-0.008608,-0.015042,0,0,1414470.273360,402622.943710
-0.010773,-0.008608,-0.015042,1,-1,-843648.716505,1633709.452481
-0.010773,-0.008608,-0.015042,1,0,-2212595.295673,-5519729.888151
-0.010773,-0.008608,-0.015042,1,1,-1840843.562329,-1226453.885101
-0.018803,0.008471,-0.004667,0,0,1368780.085082,429975.605255
-0.018803,0.008471,-0.004667,1,-1,-4454591.048921,22842.251304
-0.018803,0.008471,-0.004667,1,0,713609.587089,581959.260177
-0.018803,0.008471,-0.004667,1,1,-4026452.597959,2510943.771134
0.016940,-0.007390,0.018346,0,0,39022.818116,-8138109.972452
0.016940,-0.007390,0.018346,1,-1,7313769.684051,-7272664.756265
0.016940,-0.007390,0.018346,1,0,2433256.674425,2222325.381488
0.016940,-0.007390,0.018346,1,1,6638818.093944,6388225.848548
0.000195,-0.009799,-0.007277,0,0,-241317.817054,247206.241936
0.000195,-0.009799,-0.007277,1,-1,-1357417.325557,-2130886.957114
0.000195,-0.009799,-0.007277,1,0,-1006047.783589,-1217260.799743
0.000195,-0.009799,-0.007277,1,1,2495414.302415,-602831.397667
-0.030249,0.000693,0.029991,0,0,2500013.425626,3491341.818864
-0.030249,0.000693,0.029991,1,-1,-3495355.713897,-4102121.191494
-0.030249,0.000693,0.029991,1,0,23183120.202902,41647001.537104
-0.030249,0.000693,0.029991,1,1,-2005507.007971,3902320.377943
0.033188,-0.004627,0.009621,0,0,346450.893563,4281157.552666
0.033188,-0.004627,0.009621,1,-1,-813283.872565,7204029.625101
0.033188,-0.004627,0.009621,1,0,315375.812555,867093.716289
0.033188,-0.004627,0.009621,1,1,-473993.407048,2074849.875414
0.025376,0.002765,0.029521,0,0,-5299803.295927,-4209219.140259
0.025376,0.002765,0.029521,1,-1,9692992.877191,-16023680.333806
0.025376,0.002765,0.029521,1,0,-14424802.543205,-1104923.279083
0.025376,0.002765,0.029521,1,1,12853825.455699,11820022.093265
0.012802,0.008657,0.012775,0,0,-795260.686400,-793094.632033
0.012802,0.008657,0.012775,1,-1,-939770.727159,4852708.560466
0.012802,0.008657,0.012775,1,0,-485875.820199,-2971908.369975
0.012802,0.008657,0.012775,1,1,-2565680.102505,-2436323.588667
0.019787,-0.008354,-0.003430,0,0,-1890536.607654,1074989.728473
0.019787,-0.008354,-0.003430,1,-1,41121.185151,1328862.064354
0.019787,-0.008354,-0.003430,1,0,67774.835030,4625568.697741
0.019787,-0.008354,-0.003430,1,1,-1390686.678717,-4191597.758687
-0.011619,-0.001779,0.039186,0,0,-81396.589675,2425400.540670
-0.011619,-0.001779,0.039186,1,-1,689419.130621,1840034.968167
-0.011619,-0.001779,0.039186,1,0,-1582241.696990,-627174.041350
-0.011619,-0.001779,0.039186,1,1,-49925.781592,-196971.959643
-0.003357,0.006341,-0.028974,0,0,-830377.689754,10989636.051646
-0.003357,0.006341,-0.028974,1,-1,5637689.597042,1962299.865130
-0.003357,0.006341,-0.028974,1,0,655645.637722,7962207.889999
-0.003357,0.006341,-0.028974,1,1,3556452.150497,7944038.254683
-0.005940,-0.008327,0.019308,0,0,-939214.690544,-804421.158530
-0.005940,-0.008327,0.019308,1,-1,-1280474.984364,2095941.354678
-0.005940,-0.008327,0.019308,1,0,-293471.805834,1295289.443479
-0.005940,-0.008327,0.019308,1,1,-1348429.260984,-3074199.880343
0.041479,-0.001096,-0.006316,0,0,-345009.352200,-1286856.841488
0.041479,-0.001096,-0.006316,1,-1,-1041954.213275,-4213010.926535
0.041479,-0.001096,-0.006316,1,0,10075050.760419,17374691.021741
0.041479,-0.001096,-0.006316,1,1,-931695.637720,3529993.200862
-0.012302,-0.008728,0.012589,0,0,-2885646.330490,-2388884.292865
-0.012302,-0.008728,0.012589,1,-1,-3186739.091765,-623725.941017
-0.012302,-0.008728,0.012589,1,0,2115822.209883,4186210.696519
-0.012302,-0.008728,0.012589,1,1,-653340.482153,751310.970712
0.021084,0.006739,-0.017910,0,0,1686767.491582,-8932315.253484
0.021084,0.006739,-0.017910,1,-1,-643856.621732,-9428045.975898
0.021084,0.006739,-0.017910,1,0,-2930730.024584,-6797233.086723
0.021084,0.006739,-0.017910,1,1,-4990799.607806,4442290.478042
0.000840,-0.009285,-0.013196,0,0,708148.477734,665605.507443
0.000840,-0.009285,-0.013196,1,-1,-818097.556356,-2469296.494250
0.000840,-0.009285,-0.013196,1,0,-391507.293244,-139739.252504
0.000840,-0.009285,-0.013196,1,1,1040057.080884,758197.119739
-0.019768,-0.000891,0.037359,0,0,545401.998723,1544375.926486
-0.019768,-0.000891,0.037359,1,-1,465196.833563,-709078.784082
-0.019768,-0.000891,0.037359,1,0,5524007.562389,8284543.437652
-0.019768,-0.000891,0.037359,1,1,451359.459883,92461.000929
-0.037994,0.002967,0.006185,0,0,3357253.028853,3048859.624582
-0.037994,0.002967,0.006185,1,-1,-7260869.933172,-6541205.951920
-0.037994,0.002967,0.006185,1,0,11144026.383568,11424045.931033
-0.037994,0.002967,0.006185,1,1,-1228340.870803,9564990.325201
0.031904,0.004885,0.011253,0,0,-915779.626760,2860735.617746
0.031904,0.004885,0.011253,1,-1,-1393345.194440,-3246714.113666
0.031904,0.004885,0.011253,1,0,-2020298.227263,-2312419.861483
0.031904,0.004885,0.011253,1,1,-2719196.875549,957818.766947
-0.010571,-0.009499,0.002709,0,0,-3098446.156975,-2923803.289637
-0.010571,-0.009499,0.002709,1,-1,1734102.827788,-544560.714684
-0.010571,-0.009499,0.002709,1,0,2271390.730350,1099515.294278
-0.010571,-0.009499,0.002709,1,1,246182.921049,-2150543.029169
-0.035604,0.001922,-0.019393,0,0,-1177697.490450,-1185443.005467
-0.035604,0.001922,-0.019393,1,-1,-2151150.165874,1605787.711507
-0.035604,0.001922,-0.019393,1,0,-3537405.416001,-51418.192322
-0.035604,0.001922,-0.019393,1,1,-968670.623515,-274606.902930
0.010408,0.009324,-0.007522,0,0,1907032.308738,2627407.837402
0.010408,0.009324,-0.007522,1,-1,179868.305452,813403.567884
0.010408,0.009324,-0.007522,1,0,2676443.204598,3909461.369707
0.010408,0.009324,-0.007522,1,1,-1129574.755960,-1120610.919115
0.022030,-0.007684,0.008397,0,0,-921844.062573,-442486.883370
0.022030,-0.007684,0.008397,1,-1,3763616.197528,181129.927182
0.022030,-0.007684,0.008397,1,0,161207.791322,634371.147599
0.022030,-0.007684,0.008397,1,1,3349204.735785,-1150885.443134
0.012541,-0.009335,-0.001795,0,0,-2047498.795509,-501128.482798
0.012541,-0.009335,-0.001795,1,-1,-2582528.762902,1914846.350196
0.012541,-0.009335,-0.001795,1,0,983943.214334,2199498.313827
0.012541,-0.009335,-0.001795,1,1,-1013064.773191,1230868.862801
0.038321,-0.003024,-0.001980,0,0,-2533116.641056,1006698.099228
0.038321,-0.003024,-0.001980,1,-1,1854630.670106,-5885802.197711
0.038321,-0.003024,-0.001980,1,0,6531285.720193,-1734383.001809
0.038321,-0.003024,-0.001980,1,1,3536231.463085,7807745.937506
0.029904,0.004982,0.015321,0,0,-1389158.871388,4641364.639388
0.029904,0.004982,0.015321,1,-1,-1362071.450260,-6138015.612674
0.029904,0.004982,0.015321,1,0,-2886729.609393,3795133.997027
0.029904,0.004982,0.015321,1,1,-2366709.432073,452043.691058
-0.005074,-0.009015,-0.014762,0,0,1728126.104646,1116854.038163
-0.005074,-0.009015,-0.014762,1,-1,-1660446.120661,-451837.792152
-0.005074,-0.009015,-0.014762,1,0,-2244855.086449,-3543546.416830
-0.005074,-0.009015,-0.014762,1,1,-1189093.809586,391385.580451
0.008031,-0.009473,-0.008050,0,0,-2017057.731274,-1049677.755794
0.008031,-0.009473,-0.008050,1,-1,-667593.897785,-1406609.735265
0.008031,-0.009473,-0.008050,1,0,2058583.342490,3653339.404643
0.008031,-0.009473,-0.008050,1,1,1760669.546139,64656.178283
0.003734,-0.008635,0.017976,0,0,2360740.236776,409579.892319
0.003734,-0.008635,0.017976,1,-1,1153755.981655,-1189492.398700
0.003734,-0.008635,0.017976,1,0,-2513739.409103,-4360550.610604
0.003734,-0.008635,0.017976,1,1,1245617.723257,-1572672.120929
-0.004860,-0.006341,0.028780,0,0,-485742.647406,6638.044999
-0.004860,-0.006341,0.028780,1,-1,954357.775447,-337245.401675
-0.004860,-0.006341,0.028780,1,0,-314713.570569,3959775.000626
-0.004860,-0.006341,0.028780,1,1,323474.195561,2879256.238046
-0.018044,-0.004410,-0.030131,0,0,3681855.565403,-5140054.246298
-0.018044,-0.004410,-0.030131,1,-1,2092286.522706,-7513381.082780
-0.018044,-0.004410,-0.030131,1,0,-4324808.467774,16615055.439891
-0.018044,-0.004410,-0.030131,1,1,5039438.710129,752882.731736
-0.009015,-0.005523,-0.030637,0,0,2498485.972000,-8929551.778245
-0.009015,-0.005523,-0.030637,1,-1,-3057142.387310,-1634922.540302
-0.009015,-0.005523,-0.030637,1,0,-165278.357999,18197560.230426
-0.009015,-0.005523,-0.030637,1,1,-822181.596661,-8191918.348811
0.041862,0.000311,-0.010380,0,0,1251065.431205,1082371.752835
0.041862,0.000311,-0.010380,1,-1,-3409815.286808,3598356.305253
0.041862,0.000311,-0.010380,1,0,11108128.399525,27263075.362238
0.041862,0.000311,-0.010380,1,1,-1250812.784713,-3401323.456754
0.008556,0.009650,0.003344,0,0,-200039.040596,-593078.332986
0.008556,0.009650,0.003344,1,-1,3538285.478173,-1926202.685423
0.008556,0.009650,0.003344,1,0,881150.390978,600031.894259
0.008556,0.009650,0.003344,1,1,1078581.766614,-2501435.499452
-0.013731,-0.002468,-0.037074,0,0,3797795.485968,1756234.427047
-0.013731,-0.002468,-0.037074,1,-1,10352809.037560,-6018435.219685
-0.013731,-0.002468,-0.037074,1,0,-13843519.688458,-10935850.598221
-0.013731,-0.002468,-0.037074,1,1,9462787.177508,303078.321982
-0.019863,-0.000750,0.037551,0,0,619868.170068,1664341.087886
-0.019863,-0.000750,0.037551,1,-1,216703.825549,-1102650.701996
-0.019863,-0.000750,0.037551,1,0,5574845.753286,9128484.698322
-0.019863,-0.000750,0.037551,1,1,278106.774707,276929.697471
-0.025902,-0.006466,-0.012412,0,0,-113585.619686,-5197189.344429
-0.025902,-0.006466,-0.012412,1,-1,-6592463.666629,817778.075328
-0.025902,-0.006466,-0.012412,1,0,738537.693959,2701521.009084
-0.025902,-0.006466,-0.012412,1,1,-5770387.058036,-2063883.723833
0.004769,0.008218,-0.020318,0,0,1307591.664082,633976.859812
0.004769,0.008218,-0.020318,1,-1,609440.390628,-2467737.783263
0.004769,0.008218,-0.020318,1,0,-1592891.936314,-4491406.428528
0.004769,0.008218,-0.020318,1,1,2231996.221310,-80916.817478
-0.017333,0.005513,-0.026944,0,0,-1720645.894637,12290638.816964
-0.017333,0.005513,-0.026944,1,-1,4465658.099982,3491262.257469
-0.017333,0.005513,-0.026944,1,0,-4906.516658,16238148.272587
-0.017333,0.005513,-0.026944,1,1,1247240.497245,4202693.697012
0.006937,-0.005763,-0.030346,0,0,2053132.531344,1133236.155104
0.006937,-0.005763,-0.030346,1,-1,-2437787.060937,3812701.690998
0.006937,-0.005763,-0.030346,1,0,1449355.566622,3168885.658386
0.006937,-0.005763,-0.030346,1,1,387678.635444,-4977337.412459
-0.001103,-0.002334,0.039807,0,0,1949830.798378,2098379.429825
-0.001103,-0.002334,0.039807,1,-1,-3391271.687205,-319400.894266
-0.001103,-0.002334,0.039807,1,0,-8061662.674402,-7316676.342030
-0.001103,-0.002334,0.039807,1,1,-5674808.942099,3739567.991127
-0.039386,0.000460,-0.017034,0,0,-746316.303119,-266652.949437
-0.039386,0.000460,-0.017034,1,-1,1258126.569042,-809128.404719
-0.039386,0.000460,-0.017034,1,0,-1545676.107181,-5196763.636475
-0.039386,0.000460,-0.017034,1,1,159755.068105,1616983.398296
0.029805,0.006144,0.002508,0,0,-401296.959845,-2551205.285925
0.029805,0.006144,0.002508,1,-1,-3525839.201362,-2061542.238296
0.029805,0.006144,0.002508,1,0,-179699.663344,-5836583.057415
0.029805,0.006144,0.002508,1,1,-6515198.472390,99616.372976
0.001425,-0.009927,-0.003459,0,0,-779802.568401,-224659.041375
0.001425,-0.009927,-0.003459,1,-1,-1060291.838422,96605.127701
0.001425,-0.009927,-0.003459,1,0,-751083.654568,-1198951.183262
0.001425,-0.009927,-0.003459,1,1,1348837.802573,143881.961362
-0.026008,0.002155,-0.030595,0,0,-2209104.839582,-12631.643573
-0.026008,0.002155,-0.030595,1,-1,-6495010.253331,5196995.273804
-0.026008,0.002155,-0.030595,1,0,-10542964.537527,-8537191.331794
-0.026008,0.002155,-0.030595,1,1,-7042985.513816,-4292577.254410
0.019808,-0.007939,-0.010330,0,0,-749426.473218,3601049.797672
0.019808,-0.007939,-0.010330,1,-1,5180037.394283,3490009.819613
0.019808,-0.007939,-0.010330,1,0,-856737.939542,4658966.055122
0.019808,-0.007939,-0.010330,1,1,4249511.018989,-5603706.308108
-0.026440,-0.007033,-0.002070,0,0,356393.624735,3427446.197089
-0.026440,-0.007033,-0.002070,1,-1,-4132675.747705,-4429866.526976
-0.026440,-0.007033,-0.002070,1,0,-916935.875047,-16491.204022
-0.026440,-0.007033,-0.002070,1,1,-4933915.787945,6789353.564315
0.007657,0.007088,0.025111,0,0,-39261.941867,4320753.116494
0.007657,0.007088,0.025111,1,-1,-4569270.150170,1036606.730855
0.007657,0.007088,0.025111,1,0,1405516.063997,-791938.052927
0.007657,0.007088,0.025111,1,1,-6005517.327188,-2915982.471300
-0.017828,-0.004142,0.031069,0,0,-1156551.127420,3470958.699807
-0.017828,-0.004142,0.031069,1,-1,3888103.740387,-827406.172953
-0.017828,-0.004142,0.031069,1,0,3133120.515846,-6365035.758821
-0.017828,-0.004142,0.031069,1,1,-1712202.308296,2151122.133843
-0.016880,-0.001902,-0.036910,0,0,2987521.570449,3413056.249799
-0.016880,-0.001902,-0.036910,1,-1,8769887.702349,-8616042.027781
-0.016880,-0.001902,-0.036910,1,0,-14710092.487796,-21614134.045634
-0.016880,-0.001902,-0.036910,1,1,7688801.444644,6167286.707578
0.024174,-0.007575,0.000459,0,0,-1620866.170883,3149828.158717
0.024174,-0.007575,0.000459,1,-1,-282827.720038,2275972.072611
0.024174,-0.007575,0.000459,1,0,-929226.104028,1440909.345056
0.024174,-0.007575,0.000459,1,1,547416.870534,-5543313.642808
0.032925,-0.001693,-0.024404,0,0,-3926475.882956,-5650873.947659
0.032925,-0.001693,-0.024404,1,-1,-10900193.334168,-4018989.133702
0.032925,-0.001693,-0.024404,1,0,21046067.115804,25662353.260241
0.032925,-0.001693,-0.024404,1,1,-12856984.354995,7224482.139519
0.004237,-0.008205,0.020526,0,0,1621987.651166,-495064.041546
0.004237,-0.008205,0.020526,1,-1,1344913.727587,-2026288.708872
0.004237,-0.008205,0.020526,1,0,-1210053.401807,-3618316.828958
0.004237,-0.008205,0.020526,1,1,2984063.092186,-92437.801992
0.029286,-0.002313,0.027082,0,0,3235034.260451,650915.383240
0.029286,-0.002313,0.027082,1,-1,-2620424.367507,7875673.010952
0.029286,-0.002313,0.027082,1,0,-11620680.183626,-10499112.878987
0.029286,-0.002313,0.027082,1,1,-5210482.541114,-6602131.316721
0.036536,-0.003627,-0.005985,0,0,-2170431.682140,3884424.756799
0.036536,-0.003627,-0.005985,1,-1,-350618.320635,-3813324.751805
0.036536,-0.003627,-0.005985,1,0,5688626.214970,-11287535.408734
0.036536,-0.003627,-0.005985,1,1,1934102.687148,5074316.119346
-0.033989,-0.000002,-0.026692,0,0,-660210.342455,1060330.456835
-0.033989,-0.000002,-0.026692,1,-1,2773115.911817,160200.927955
-0.033989,-0.000002,-0.026692,1,0,-9334248.756749,-21366174.030191
-0.033989,-0.000002,-0.026692,1,1,2422218.533705,882792.787880
0.007911,-0.003250,-0.037057,0,0,2363698.397231,2440282.395077
0.007911,-0.003250,-0.037057,1,-1,485745.481681,-3469074.484399
0.007911,-0.003250,-0.037057,1,0,-2156599.413890,-2315347.780895
0.007911,-0.003250,-0.037057,1,1,4433040.271808,1097985.472089
-0.016201,0.000714,0.039323,0,0,172604.974763,2596017.897406
-0.016201,0.000714,0.039323,1,-1,-305207.200096,-3289855.191571
-0.016201,0.000714,0.039323,1,0,1788147.471201,3507298.692386
-0.016201,0.000714,0.039323,1,1,414424.455839,1284466.408092
0.041161,0.001007,-0.008720,0,0,2290672.166692,2406570.658753
0.041161,0.001007,-0.008720,1,-1,-2525082.856556,7889996.677002
0.041161,0.001007,-0.008720,1,0,10884174.560803,16641023.201185
0.041161,0.001007,-0.008720,1,1,-505146.955650,-8349189.242235
0.022798,0.007707,-0.005652,0,0,-132313.483554,-4164235.281685
0.022798,0.007707,-0.005652,1,-1,-2872909.290447,-7459632.367574
0.022798,0.007707,-0.005652,1,0,-1048691.866957,1600112.431104
0.022798,0.007707,-0.005652,1,1,-3446782.025728,7246644.728058
0.015803,0.002893,-0.035322,0,0,3854406.668026,-1029448.786888
0.015803,0.002893,-0.035322,1,-1,6229465.003329,120268.647336
0.015803,0.002893,-0.035322,1,0,5515731.058524,4704654.765524
0.015803,0.002893,-0.035322,1,1,-929916.896081,-1732560.328507
0.026428,-0.006649,-0.009504,0,0,-952346.861943,8260152.485891
0.026428,-0.006649,-0.009504,1,-1,3273247.914511,6468177.385801
0.026428,-0.006649,-0.009504,1,0,-1374358.668415,-4460930.157435
0.026428,-0.006649,-0.009504,1,1,7462357.766468,-4381558.717229
0.004601,-0.002363,-0.039492,0,0,2845779.563450,4726632.028816
0.004601,-0.002363,-0.039492,1,-1,3929712.266554,-4327679.449489
0.004601,-0.002363,-0.039492,1,0,-8286973.457206,-11158330.318792
0.004601,-0.002363,-0.039492,1,1,6079092.539395,1908809.281946
0.033871,0.002736,-0.019322,0,0,5291484.106275,-86212.246779
0.033871,0.002736,-0.019322,1,-1,13037981.480650,9726808.436193
0.033871,0.002736,-0.019322,1,0,12784587.631118,-4282639.651452
0.033871,0.002736,-0.019322,1,1,11693773.091768,-9923782.407430
-0.024757,0.005805,0.018763,0,0,3315562.555338,-6756923.977573
-0.024757,0.005805,0.018763,1,-1,-435297.674504,1056496.500718
-0.024757,0.005805,0.018763,1,0,-590686.167961,-12965432.332056
-0.024757,0.005805,0.018763,1,1,9530930.711806,6469395.239987
-0.002936,-0.004453,0.034844,0,0,879202.833767,493647.894091
-0.002936,-0.004453,0.034844,1,-1,375881.595934,-317132.938255
-0.002936,-0.004453,0.034844,1,0,-2504060.126262,5543529.093089
-0.002936,-0.004453,0.034844,1,1,-3266349.860252,5153260.373463
-0.018163,-0.007271,0.017970,0,0,-1436741.779441,3389355.039643
-0.018163,-0.007271,0.017970,1,-1,-3118983.243261,-7981357.343019
-0.018163,-0.007271,0.017970,1,0,-1057685.321861,-181490.105755
-0.018163,-0.007271,0.017970,1,1,-2718314.218611,4929128.732984
0.017651,-0.008188,-0.011334,0,0,-747376.151366,2655926.443522
0.017651,-0.008188,-0.011334,1,-1,5624131.578957,2732388.791223
0.017651,-0.008188,-0.011334,1,0,-210589.325158,5679775.220513
0.017651,-0.008188,-0.011334,1,1,3955524.602251,-4901028.085436
-0.035279,-0.004333,-0.000613,0,0,-1487833.353079,4467565.251772
-0.035279,-0.004333,-0.000613,1,-1,2755759.222032,-724814.160215
-0.035279,-0.004333,-0.000613,1,0,1338950.662969,-9552317.630570
-0.035279,-0.004333,-0.000613,1,1,-383634.092640,-6626800.227992
-0.014816,-0.008608,-0.011280,0,0,608858.111494,-517485.111676
-0.014816,-0.008608,-0.011280,1,-1,1565387.853201,3188051.524976
-0.014816,-0.008608,-0.011280,1,0,-1584979.357377,-4735531.296394
-0.014816,-0.008608,-0.011280,1,1,1153856.682213,-2692965.805644
0.022518,0.005258,-0.023695,0,0,4550708.543927,-7355858.487780
0.022518,0.005258,-0.023695,1,-1,7412116.627829,-2513778.130567
0.022518,0.005258,-0.023695,1,0,3246387.655711,-11326837.165239
0.022518,0.005258,-0.023695,1,1,501618.465701,-3117439.854499
-0.016395,-0.006337,-0.024169,0,0,1462454.005468,-7681563.508774
-0.016395,-0.006337,-0.024169,1,-1,-8010234.824772,-1559113.306908
-0.016395,-0.006337,-0.024169,1,0,931610.484117,7842441.491372
-0.016395,-0.006337,-0.024169,1,1,-3944617.866579,-5177002.912903
-0.037179,-0.003522,-0.002400,0,0,-1137492.092405,2716102.237223
-0.037179,-0.003522,-0.002400,1,-1,1885246.797017,1302236.778677
-0.037179,-0.003522,-0.002400,1,0,2470803.825458,-6137389.344746
-0.037179,-0.003522,-0.002400,1,1,782580.532329,-6019864.044267
0.018511,-0.004869,0.028318,0,0,3919753.775932,-8785484.763525
0.018511,-0.004869,0.028318,1,-1,-4677142.254990,4542483.674645
0.018511,-0.004869,0.028318,1,0,-2905494.985032,17454989.273069
0.018511,-0.004869,0.028318,1,1,-8357910.299657,4286048.306747
-0.002864,-0.004420,0.034934,0,0,912306.014217,506879.172301
-0.002864,-0.004420,0.034934,1,-1,298107.431152,-329109.403582
-0.002864,-0.004420,0.034934,1,0,-2578443.987584,5499332.307420
-0.002864,-0.004420,0.034934,1,1,-3352607.489213,5147389.224950
0.033788,0.004612,0.007397,0,0,-390032.440483,1648080.911727
0.033788,0.004612,0.007397,1,-1,-1197981.665572,-1588611.573696
0.033788,0.004612,0.007397,1,0,-311483.243949,-4717498.144597
0.033788,0.004612,0.007397,1,1,-3231732.536642,-1512349.221220
0.016576,0.008695,0.006513,0,0,95926.285966,-857094.606745
0.016576,0.008695,0.006513,1,-1,1071932.882694,1919184.802590
0.016576,0.008695,0.006513,1,0,1471989.231089,-2255896.571728
0.016576,0.008695,0.006513,1,1,1240163.100082,187385.515701
-0.008441,0.007992,0.020413,0,0,-179363.651066,158031.885817
-0.008441,0.007992,0.020413,1,-1,599248.954735,2383833.474858
-0.008441,0.007992,0.020413,1,0,120144.973870,176686.214890
-0.008441,0.007992,0.020413,1,1,-639481.783613,-2093676.214010
-0.005637,-0.009851,0.000175,0,0,-1628736.056828,-1343432.187082
-0.005637,-0.009851,0.000175,1,-1,2630539.928141,-677220.766244
-0.005637,-0.009851,0.000175,1,0,-144708.788791,-1795346.556065
-0.005637,-0.009851,0.000175,1,1,-799828.842660,-2857148.055824
-0.017866,0.002316,-0.035633,0,0,-4133347.983098,-5160126.114778
-0.017866,0.002316,-0.035633,1,-1,-19063141.386123,3650847.697127
-0.017866,0.002316,-0.035633,1,0,-13856584.610123,-11964179.628985
-0.017866,0.002316,-0.035633,1,1,-18845668.737634,-668785.001065
-0.006766,0.009019,0.013940,0,0,1039184.632630,1070234.050899
-0.006766,0.009019,0.013940,1,-1,317921.073057,-3453361.315869
-0.006766,0.009019,0.013940,1,0,1046594.554824,1801709.231096
-0.006766,0.009019,0.013940,1,1,2867472.627160,948632.848574
0.005532,-0.001277,0.041352,0,0,1528910.360185,611557.453155
0.005532,-0.001277,0.041352,1,-1,-1293819.466523,1870883.491570
0.005532,-0.001277,0.041352,1,0,-11019807.102957,-24713670.297588
0.005532,-0.001277,0.041352,1,1,-1251860.286631,-525863.730963
-0.029619,0.004824,-0.016846,0,0,-1646368.597561,2495484.507872
-0.029619,0.004824,-0.016846,1,-1,2846333.220784,4039395.464539
-0.029619,0.004824,-0.016846,1,0,-1706113.148411,7760547.372264
-0.029619,0.004824,-0.016846,1,1,2710708.692643,1013571.453281
-0.023547,0.006975,0.012769,0,0,1589187.305179,-3365904.904611
-0.023547,0.006975,0.012769,1,-1,4364056.170918,4076597.161869
-0.023547,0.006975,0.012769,1,0,-2584236.706010,-4877941.335054
-0.023547,0.006975,0.012769,1,1,6328053.567033,-2996852.212982
-0.021440,-0.004607,0.027274,0,0,-2681260.464866,4624555.578213
-0.021440,-0.004607,0.027274,1,-1,5502890.372825,-208001.471056
-0.021440,-0.004607,0.027274,1,0,4497332.703968,-11730414.562227
-0.021440,-0.004607,0.027274,1,1,-4228868.530461,-409551.897471
-0.027690,-0.005141,0.018127,0,0,-5292037.204671,4187938.254883
-0.027690,-0.005141,0.018127,1,-1,9673716.200502,3960661.781754
-0.027690,-0.005141,0.018127,1,0,3509591.315137,-12932538.115959
-0.027690,-0.005141,0.018127,1,1,-4944489.559293,-8940616.974179
0.007344,-0.003267,0.037146,0,0,2775242.131900,-53766.811835
0.007344,-0.003267,0.037146,1,-1,-2899806.311191,2065356.277605
0.007344,-0.003267,0.037146,1,0,-5618783.304226,2474408.367251
0.007344,-0.003267,0.037146,1,1,-7367004.779651,-632486.765412
-0.027191,-0.006803,0.003854,0,0,-94506.083511,7230425.840692
-0.027191,-0.006803,0.003854,1,-1,341803.599321,-7099288.011167
-0.027191,-0.006803,0.003854,1,0,-2522209.190775,-3974104.173223
-0.027191,-0.006803,0.003854,1,1,-4865698.393153,4899531.421326
0.035111,-0.001712,-0.021011,0,0,-2393835.328849,-3216230.639198
0.035111,-0.001712,-0.021011,1,-1,-5348412.682842,-6136431.065428
0.035111,-0.001712,-0.021011,1,0,16429738.112918,16063280.480462
0.035111,-0.001712,-0.021011,1,1,-6959718.908316,8099488.262029
0.013596,-0.007582,-0.019917,0,0,931939.083077,5548892.426834
0.013596,-0.007582,-0.019917,1,-1,3213389.286981,5191719.984987
0.013596,-0.007582,-0.019917,1,0,-487104.846209,273230.316513
0.013596,-0.007582,-0.019917,1,1,4546679.256156,-4054465.964994
-0.035149,0.001940,-0.020186,0,0,-1277129.022070,-1243818.108875
-0.035149,0.001940,-0.020186,1,-1,-2554899.322612,2025072.776006
-0.035149,0.001940,-0.020186,1,0,-4104899.386220,-130406.120370
-0.035149,0.001940,-0.020186,1,1,-1281243.601747,-819119.506938
-0.030487,0.005884,0.004817,0,0,1575101.392073,-2729043.058676
-0.030487,0.005884,0.004817,1,-1,-1325337.678371,4584880.868451
-0.030487,0.005884,0.004817,1,0,-946623.636707,-9341585.628271
-0.030487,0.005884,0.004817,1,1,3559341.232603,-2160288.074652
-0.027953,0.006621,-0.003380,0,0,1335461.835033,-658332.325887
-0.027953,0.006621,-0.003380,1,-1,956857.035627,3101067.374658
-0.027953,0.006621,-0.003380,1,0,-69050.061762,-2374294.775050
-0.027953,0.006621,-0.003380,1,1,2025768.342580,-2023159.817322
-0.007064,0.002924,0.037944,0,0,-2190579.162934,1962272.656566
-0.007064,0.002924,0.037944,1,-1,2979553.680453,-1290680.045183
-0.007064,0.002924,0.037944,1,0,-4084054.079430,589945.642090
-0.007064,0.002924,0.037944,1,1,6577193.648015,-101954.881801
0.001339,0.009344,0.012666,0,0,-1744030.810361,-1578134.420983
0.001339,0.009344,0.012666,1,-1,-1580365.199763,-2640462.721702
0.001339,0.009344,0.012666,1,0,-1904865.415858,-1227945.591604
0.001339,0.009344,0.012666,1,1,1341356.107462,1888182.004532
-0.023912,0.002319,-0.031857,0,0,-2467311.849055,-322656.560969
-0.023912,0.002319,-0.031857,1,-1,-9653627.657927,4579819.487195
-0.023912,0.002319,-0.031857,1,0,-10857446.771536,-7787067.720854
-0.023912,0.002319,-0.031857,1,1,-9306245.797283,-2986634.421443
0.004783,-0.004433,-0.034729,0,0,2821661.339841,1462667.717168
0.004783,-0.004433,-0.034729,1,-1,776603.945064,233676.797332
0.004783,-0.004433,-0.034729,1,0,-1233007.803686,4549087.534763
0.004783,-0.004433,-0.034729,1,1,4907258.070374,-3225248.293766
-0.015696,-0.009011,-0.000845,0,0,-1768554.317779,-2326012.533045
-0.015696,-0.009011,-0.000845,1,-1,870189.941716,-879704.041035
-0.015696,-0.009011,-0.000845,1,0,1529536.416598,2437680.379451
-0.015696,-0.009011,-0.000845,1,1,2768007.004880,297960.725235
