geo_name,sphere,mode,8,k,234.114023,max_r,0.100000
source_x,source_y,source_z,n,m,re,im
0.036091,0.014936,0.007144,0,0,-122096.967233,3779183.431920
0.036091,0.014936,0.007144,1,-1,1392651.790516,-4228861.897968
0.036091,0.014936,0.007144,1,0,14372.641068,2144427.263851
0.036091,0.014936,0.007144,1,1,1733644.215254,4248414.273524
-0.021662,0.018969,0.027326,0,0,-153708.329347,824951.718507
-0.021662,0.018969,0.027326,1,-1,4781371.627780,-2041565.211910
-0.021662,0.018969,0.027326,1,0,169222.204681,-6688607.686580
-0.021662,0.018969,0.027326,1,1,4936152.843383,2265936.478874
-0.026900,-0.006529,0.028354,0,0,47593.307116,174396.088887
-0.026900,-0.006529,0.028354,1,-1,10603538.613514,5959542.104515
-0.026900,-0.006529,0.028354,1,0,-9326.818357,-2386634.278394
-0.026900,-0.006529,0.028354,1,1,10001778.095004,-6093230.900561
-0.024022,-0.015547,0.027479,0,0,-281642.478600,-4891950.927878
-0.024022,-0.015547,0.027479,1,-1,13382465.209331,11382519.691008
-0.024022,-0.015547,0.027479,1,0,640657.376151,20748538.823102
-0.024022,-0.015547,0.027479,1,1,12758762.900565,-12549198.805388
-0.034611,0.016964,0.009564,0,0,-303279.085215,-1353743.069136
-0.034611,0.016964,0.009564,1,-1,-902096.411854,-9574397.150226
-0.034611,0.016964,0.009564,1,0,157471.336985,6351681.917545
-0.034611,0.016964,0.009564,1,1,-197986.340092,9518283.570817
0.010430,0.037076,-0.009450,0,0,196203.809441,744273.863601
0.010430,0.037076,-0.009450,1,-1,3166424.463108,2840300.516541
0.010430,0.037076,-0.009450,1,0,175089.964936,14796405.013023
0.010430,0.037076,-0.009450,1,1,2921740.782289,-3105555.438936
0.007052,0.035562,-0.016049,0,0,472236.363729,2136292.153139
0.007052,0.035562,-0.016049,1,-1,2409198.091270,-5249649.663414
0.007052,0.035562,-0.016049,1,0,-3035.582301,14798259.199250
0.007052,0.035562,-0.016049,1,1,2690687.098744,4743669.225659
-0.006088,0.017314,-0.035222,0,0,59559.920324,-2986973.216834
-0.006088,0.017314,-0.035222,1,-1,-10295342.652339,-1607561.449441
-0.006088,0.017314,-0.035222,1,0,-273332.510159,-7305857.231321
-0.006088,0.017314,-0.035222,1,1,-10501142.559617,1854603.121039
-0.013237,-0.032838,-0.017817,0,0,4672.701499,-2211526.018509
-0.013237,-0.032838,-0.017817,1,-1,2046298.262304,-368785.078659
-0.013237,-0.032838,-0.017817,1,0,-313048.210253,-7100304.179580
-0.013237,-0.032838,-0.017817,1,1,1930761.214910,143556.486533
-0.017181,-0.035689,-0.001534,0,0,-135164.160179,-2533445.754060
-0.017181,-0.035689,-0.001534,1,-1,1778249.320648,-5601759.575296
-0.017181,-0.035689,-0.001534,1,0,-89293.342261,-3177449.183142
-0.017181,-0.035689,-0.001534,1,1,2435703.305646,5315851.326618
-0.030868,-0.002119,0.024829,0,0,-81712.121826,129019.659284
-0.030868,-0.002119,0.024829,1,-1,8821994.687787,7466165.028280
-0.030868,-0.002119,0.024829,1,0,-157188.608375,1839118.402992
-0.030868,-0.002119,0.024829,1,1,8347534.226895,-7766689.708390
-0.037935,0.011408,-0.001749,0,0,-24104.538932,4992524.361391
-0.037935,0.011408,-0.001749,1,-1,884024.778085,-12075916.113616
-0.037935,0.011408,-0.001749,1,0,99578.033295,6982801.071969
-0.037935,0.011408,-0.001749,1,1,1140170.957099,11981210.796013
-0.038089,0.007216,-0.008356,0,0,24170.962208,2311416.276757
-0.038089,0.007216,-0.008356,1,-1,-959160.596136,-9332528.699439
-0.038089,0.007216,-0.008356,1,0,143007.333763,1770158.067499
-0.038089,0.007216,-0.008356,1,1,-501620.724567,9244341.165460
-0.010828,-0.026962,0.027014,0,0,-122464.541380,2831983.029803
-0.010828,-0.026962,0.027014,1,-1,11555153.325837,5300565.289187
-0.010828,-0.026962,0.027014,1,0,247728.337504,14309535.164342
-0.010828,-0.026962,0.027014,1,1,11598508.022574,-5559996.526277
0.026455,0.026550,-0.012964,0,0,120680.081097,2256748.275970
0.026455,0.026550,-0.012964,1,-1,-3380603.580565,-1871677.967485
0.026455,0.026550,-0.012964,1,0,-59123.520515,-7813491.076710
0.026455,0.026550,-0.012964,1,1,-3063147.540686,1778165.127397
-0.037066,-0.007971,0.011669,0,0,19721.491671,-92502.943552
-0.037066,-0.007971,0.011669,1,-1,3521146.827451,-2947457.643520
-0.037066,-0.007971,0.011669,1,0,-70267.513318,1357368.184148
-0.037066,-0.007971,0.011669,1,1,3620080.482474,2829676.966266
0.026452,0.027650,-0.010741,0,0,104479.226214,2448576.422896
0.026452,0.027650,-0.010741,1,-1,-1893874.884965,-1452466.013278
0.026452,0.027650,-0.010741,1,0,-131798.888365,-4082997.543042
0.026452,0.027650,-0.010741,1,1,-1696570.298605,1318968.637620
0.010988,0.011678,0.036253,0,0,62632.009649,6160440.479718
0.010988,0.011678,0.036253,1,-1,20170020.239285,-3837564.694897
0.010988,0.011678,0.036253,1,0,-331668.900544,-11728353.095487
0.010988,0.011678,0.036253,1,1,19968034.795592,2956241.566629
0.018692,-0.020512,-0.028299,0,0,204587.092429,464615.698033
0.018692,-0.020512,-0.028299,1,-1,-110228.931288,1624403.287776
0.018692,-0.020512,-0.028299,1,0,-13734.390741,-3337242.140608
0.018692,-0.020512,-0.028299,1,1,149734.700157,-1423668.950529
0.015276,0.021843,0.029383,0,0,-194103.659090,-1592472.497455
0.015276,0.021843,0.029383,1,-1,5049853.819914,-3782056.574846
0.015276,0.021843,0.029383,1,0,-308479.394557,-9834181.785958
0.015276,0.021843,0.029383,1,1,5164847.437651,3477498.541707
0.035139,-0.018368,-0.001986,0,0,135619.227857,-5814557.720473
0.035139,-0.018368,-0.001986,1,-1,-847727.551184,21387119.368671
0.035139,-0.018368,-0.001986,1,0,-302366.785256,-19966982.247557
0.035139,-0.018368,-0.001986,1,1,-1738573.969506,-21598453.754998
0.022865,-0.021872,0.023833,0,0,-387869.930771,272877.388470
0.022865,-0.021872,0.023833,1,-1,-8462589.957701,6552829.489041
0.022865,-0.021872,0.023833,1,0,68425.344713,-7533579.008252
0.022865,-0.021872,0.023833,1,1,-8694962.085720,-6016124.893323
0.039645,-0.000479,0.001518,0,0,-176262.407608,-2619405.583313
0.039645,-0.000479,0.001518,1,-1,1454587.550216,14134729.365620
0.039645,-0.000479,0.001518,1,0,29079.605492,-4125856.684651
0.039645,-0.000479,0.001518,1,1,388672.618205,-14322879.371441
-0.036602,-0.005926,0.014093,0,0,-24355.709856,-965075.165740
-0.036602,-0.005926,0.014093,1,-1,3762772.815951,-14687.817918
-0.036602,-0.005926,0.014093,1,0,59944.383865,5008599.891586
-0.036602,-0.005926,0.014093,1,1,3642283.131903,-106458.511813
0.034907,0.007150,0.017382,0,0,-164185.043042,-1232835.712313
0.034907,0.007150,0.017382,1,-1,4078684.202311,-2925873.859355
0.034907,0.007150,0.017382,1,0,121658.534308,744498.555760
0.034907,0.007150,0.017382,1,1,3887449.224196,3220588.273554
-0.039075,0.001976,0.006473,0,0,43461.139713,5423580.937252
-0.039075,0.001976,0.006473,1,-1,-1937083.674796,-2960011.438024
-0.039075,0.001976,0.006473,1,0,75004.365746,1702441.165676
-0.039075,0.001976,0.006473,1,1,-1926349.226818,3053462.598695
0.023875,0.031522,0.002800,0,0,133449.399007,3917145.520769
0.023875,0.031522,0.002800,1,-1,-769925.400412,1853900.085454
0.023875,0.031522,0.002800,1,0,172149.976329,7070583.034705
0.023875,0.031522,0.002800,1,1,-705679.804053,-2021995.653322
0.000788,-0.033896,0.020596,0,0,-218401.515527,-6292240.072278
0.000788,-0.033896,0.020596,1,-1,-7454886.590196,8988233.491136
0.000788,-0.033896,0.020596,1,0,-516815.202222,-9010414.331362
0.000788,-0.033896,0.020596,1,1,-8127963.905319,-8156309.592689
0.024486,0.002360,-0.031135,0,0,53026.527830,-677346.298630
0.024486,0.002360,-0.031135,1,-1,-15475109.168355,-7648062.476128
0.024486,0.002360,-0.031135,1,0,-516695.543433,-5253374.570933
0.024486,0.002360,-0.031135,1,1,-15191256.145266,7905331.034427
-0.035273,-0.018085,-0.002139,0,0,199183.548295,4680326.711406
-0.035273,-0.018085,-0.002139,1,-1,1234012.928373,676882.076088
-0.035273,-0.018085,-0.002139,1,0,86455.658715,2626777.277296
-0.035273,-0.018085,-0.002139,1,1,923283.121932,-820458.361434
0.019999,-0.023501,-0.024878,0,0,247455.985460,2935610.030127
0.019999,-0.023501,-0.024878,1,-1,-956697.472269,2748017.429852
0.019999,-0.023501,-0.024878,1,0,121061.704379,-4890166.940654
0.019999,-0.023501,-0.024878,1,1,-953307.129249,-2745477.321127
0.023351,0.026062,0.018757,0,0,-93048.143366,-1278823.202637
0.023351,0.026062,0.018757,1,-1,898512.866651,1819009.179780
0.023351,0.026062,0.018757,1,0,288440.045651,2202107.930322
0.023351,0.026062,0.018757,1,1,1077510.177790,-2082047.808456
0.017208,-0.027882,-0.022304,0,0,242770.027654,6291957.451726
0.017208,-0.027882,-0.022304,1,-1,-1483906.409554,1230676.990670
0.017208,-0.027882,-0.022304,1,0,27987.472284,-8792636.474455
0.017208,-0.027882,-0.022304,1,1,-1359809.612933,-1378024.339085
-0.017984,-0.020118,-0.029026,0,0,-193505.577359,-1852313.653907
-0.017984,-0.020118,-0.029026,1,-1,-8194016.142230,5678728.968660
-0.017984,-0.020118,-0.029026,1,0,228487.375635,8672057.800544
-0.017984,-0.020118,-0.029026,1,1,-8067515.271327,-4701622.027612
-0.016379,-0.033428,-0.013666,0,0,-32871.358078,-2006999.368417
-0.016379,-0.033428,-0.013666,1,-1,339332.235482,-2105954.200498
-0.016379,-0.033428,-0.013666,1,0,-251544.231794,-4892157.110805
-0.016379,-0.033428,-0.013666,1,1,329774.081862,2075089.295573
0.006626,-0.027651,-0.027678,0,0,229239.671657,2899760.727665
0.006626,-0.027651,-0.027678,1,-1,-890989.254117,1028096.100082
0.006626,-0.027651,-0.027678,1,0,-415148.490980,-10542665.849978
0.006626,-0.027651,-0.027678,1,1,-1212878.116754,-1414207.964648
0.026507,-0.019616,-0.022002,0,0,469956.314978,5851622.344121
0.026507,-0.019616,-0.022002,1,-1,273338.911781,8293484.990053
0.026507,-0.019616,-0.022002,1,0,-22055.921102,-9649553.795228
0.026507,-0.019616,-0.022002,1,1,-54428.841461,-8421282.651399
0.032884,-0.020225,-0.009057,0,0,263311.043913,431059.593453
0.032884,-0.020225,-0.009057,1,-1,14660699.470429,16138756.165961
0.032884,-0.020225,-0.009057,1,0,-203278.660942,-13325089.066181
0.032884,-0.020225,-0.009057,1,1,13726905.361750,-16800433.255998
0.010424,-0.021145,0.031940,0,0,-327913.308481,-4592228.406869
0.010424,-0.021145,0.031940,1,-1,7254796.790301,1730930.822728
0.010424,-0.021145,0.031940,1,0,149654.492323,7501384.594945
0.010424,-0.021145,0.031940,1,1,7325880.205522,-1582026.686794
0.030302,0.025276,-0.004079,0,0,-15792.482600,2812119.282345
0.030302,0.025276,-0.004079,1,-1,-1623714.546868,-4379063.088485
0.030302,0.025276,-0.004079,1,0,-44497.659127,-5900621.793091
0.030302,0.025276,-0.004079,1,1,-1440685.374516,4362055.729899
-0.037152,0.010760,0.008907,0,0,-47729.058639,3196629.483355
-0.037152,0.010760,0.008907,1,-1,-2716800.260134,-5298989.155673
-0.037152,0.010760,0.008907,1,0,-265823.616947,-4938690.906623
-0.037152,0.010760,0.008907,1,1,-2732884.880439,5451341.000732
0.006217,-0.022397,0.032222,0,0,-460455.407671,-8811954.762667
0.006217,-0.022397,0.032222,1,-1,12844178.477024,3212833.045118
0.006217,-0.022397,0.032222,1,0,284584.337722,12037443.440937
0.006217,-0.022397,0.032222,1,1,12872615.648632,-3556454.975405
0.015094,-0.018148,-0.031829,0,0,209444.885107,-652103.585577
0.015094,-0.018148,-0.031829,1,-1,-309791.642949,-462744.077626
0.015094,-0.018148,-0.031829,1,0,-77855.900417,-1852937.883165
0.015094,-0.018148,-0.031829,1,1,-84230.251811,472754.506682
0.009083,-0.009485,0.037452,0,0,-203918.470141,-1183991.032405
0.009083,-0.009485,0.037452,1,-1,12236473.758143,-1760328.177149
0.009083,-0.009485,0.037452,1,0,109873.131781,1631050.259426
0.009083,-0.009485,0.037452,1,1,12551355.419870,1174327.559787
0.035775,-0.011903,0.012176,0,0,207096.375486,-2137437.758663
0.035775,-0.011903,0.012176,1,-1,-3786100.153047,22023631.383189
0.035775,-0.011903,0.012176,1,0,-398934.902074,-12844999.519456
0.035775,-0.011903,0.012176,1,1,-4737923.850235,-21636741.768142
-0.019547,-0.022559,-0.026068,0,0,-54494.617055,-2067278.658038
-0.019547,-0.022559,-0.026068,1,-1,-3582193.799938,4231288.194248
-0.019547,-0.022559,-0.026068,1,0,170933.816257,4191221.246710
-0.019547,-0.022559,-0.026068,1,1,-3180549.014957,-3895372.208959
-0.022323,0.030775,-0.011545,0,0,2226.132224,-3720046.283521
-0.022323,0.030775,-0.011545,1,-1,7626536.908444,-8306605.219439
-0.022323,0.030775,-0.011545,1,0,597325.497487,29243084.619331
-0.022323,0.030775,-0.011545,1,1,8057899.078582,8232225.057102
0.034167,-0.003202,0.019909,0,0,-332388.272974,-3742153.266979
0.034167,-0.003202,0.019909,1,-1,-56754.373672,-2044442.219958
0.034167,-0.003202,0.019909,1,0,4590.302176,594289.638153
0.034167,-0.003202,0.019909,1,1,-111565.095384,1932397.388724
0.038069,0.007392,0.008384,0,0,-216288.432098,-1244511.548732
0.038069,0.007392,0.008384,1,-1,-1300655.905192,-827030.636742
0.038069,0.007392,0.008384,1,0,155193.456547,3573239.392949
0.038069,0.007392,0.008384,1,1,-1489586.312873,738605.754598
-0.031629,-0.019653,-0.013678,0,0,160092.909151,-2807118.886202
-0.031629,-0.019653,-0.013678,1,-1,-7882762.648155,857542.572586
-0.031629,-0.019653,-0.013678,1,0,419140.682361,-822192.957921
-0.031629,-0.019653,-0.013678,1,1,-8094088.704706,-480876.467073
-0.013750,-0.006336,-0.036673,0,0,392711.297433,9462953.809906
-0.013750,-0.006336,-0.036673,1,-1,-23931742.148546,7663269.302830
-0.013750,-0.006336,-0.036673,1,0,244401.751903,7165858.725744
-0.013750,-0.006336,-0.036673,1,1,-24828624.246900,-6651395.198698
0.028719,0.025090,0.010759,0,0,-50806.479795,2739146.618384
0.028719,0.025090,0.010759,1,-1,1309855.487700,1789392.508181
0.028719,0.025090,0.010759,1,0,21556.552056,-463196.784886
0.028719,0.025090,0.010759,1,1,1387022.011101,-1892420.308935
-0.006654,-0.014270,0.036429,0,0,-233499.326914,-6195195.402796
-0.006654,-0.014270,0.036429,1,-1,21595103.348499,2065022.112682
-0.006654,-0.014270,0.036429,1,0,541008.128506,23662535.179827
-0.006654,-0.014270,0.036429,1,1,21459302.249871,-3591358.953618
-0.032388,-0.019270,0.012268,0,0,-24910.754943,-2322607.732943
-0.032388,-0.019270,0.012268,1,-1,5550761.310878,2050722.187886
-0.032388,-0.019270,0.012268,1,0,169247.085582,1571574.450254
-0.032388,-0.019270,0.012268,1,1,5314947.636048,-2125026.913302
-0.013525,0.035672,0.010742,0,0,-199278.032335,-14216259.459306
-0.013525,0.035672,0.010742,1,-1,-9218021.441631,-6608235.289634
-0.013525,0.035672,0.010742,1,0,1521582.501977,56936310.410718
-0.013525,0.035672,0.010742,1,1,-10266991.219232,6934690.071011
-0.002416,-0.002986,0.039466,0,0,-71485.818445,-2073884.791887
-0.002416,-0.002986,0.039466,1,-1,23674951.422052,-4525825.119364
-0.002416,-0.002986,0.039466,1,0,79649.697096,1495397.491928
-0.002416,-0.002986,0.039466,1,1,23663084.014845,3502021.714193
-0.039091,-0.002050,0.006364,0,0,14221.819926,4274290.896139
-0.039091,-0.002050,0.006364,1,-1,-414383.410928,-2890046.342527
-0.039091,-0.002050,0.006364,1,0,5516.513529,1933856.790704
-0.039091,-0.002050,0.006364,1,1,-238519.683828,2897517.524728
0.025191,0.029866,-0.007092,0,0,109814.013248,2968414.445392
0.025191,0.029866,-0.007092,1,-1,-363793.250490,749181.878009
0.025191,0.029866,-0.007092,1,0,-144069.526180,2444397.265614
0.025191,0.029866,-0.007092,1,1,-326997.386131,-819340.587880
0.038928,0.007246,-0.001936,0,0,-21103.639584,-3123153.114128
0.038928,0.007246,-0.001936,1,-1,-354719.840094,1620674.579271
0.038928,0.007246,-0.001936,1,0,71693.941728,4158088.892768
0.038928,0.007246,-0.001936,1,1,-937286.172745,-1907348.526041
-0.034985,0.015963,0.009860,0,0,-291489.616929,-1189441.253396
-0.034985,0.015963,0.009860,1,-1,-1733248.801601,-8262020.589203
-0.034985,0.015963,0.009860,1,0,13683.981317,2242636.759112
-0.034985,0.015963,0.009860,1,1,-1211702.887308,8247257.812439
0.015898,0.033999,-0.012844,0,0,199582.754038,-2312901.905936
0.015898,0.033999,-0.012844,1,-1,-3729330.056401,3605040.337433
0.015898,0.033999,-0.012844,1,0,-295253.022586,13714271.917297
0.015898,0.033999,-0.012844,1,1,-3557350.958857,-3640254.956891
0.033722,0.015624,0.013857,0,0,-140270.329347,2648027.769800
0.033722,0.015624,0.013857,1,-1,3069879.866259,-3115848.631481
0.033722,0.015624,0.013857,1,0,-5530.338410,-3181.094089
0.033722,0.015624,0.013857,1,1,3192876.755083,3152282.539695
-0.022864,0.028938,-0.014653,0,0,-45850.734122,-620047.976511
-0.022864,0.028938,-0.014653,1,-1,18179270.946559,-8160242.128018
-0.022864,0.028938,-0.014653,1,0,180520.387552,17432567.328640
-0.022864,0.028938,-0.014653,1,1,18363660.721336,7256559.420058
0.016176,0.028638,0.022094,0,0,-4400.556632,-4496194.121940
0.016176,0.028638,0.022094,1,-1,388586.571827,3900350.456978
0.016176,0.028638,0.022094,1,0,237679.942955,751068.029208
0.016176,0.028638,0.022094,1,1,450853.628698,-3947101.199220
0.013098,-0.010833,0.035847,0,0,-271917.087207,-1146769.121820
0.013098,-0.010833,0.035847,1,-1,9506544.485856,-6083582.680121
0.013098,-0.010833,0.035847,1,0,-31003.886342,4938703.993280
0.013098,-0.010833,0.035847,1,1,9940243.217581,5589792.438204
-0.025108,-0.027723,0.013198,0,0,-53257.576884,652609.449189
-0.025108,-0.027723,0.013198,1,-1,8066296.275271,2538834.356645
-0.025108,-0.027723,0.013198,1,0,109192.751035,5703996.201019
-0.025108,-0.027723,0.013198,1,1,7841242.365097,-2483074.578728
0.008919,0.000138,-0.038624,0,0,23414.799597,-2257948.218558
0.008919,0.000138,-0.038624,1,-1,-28711467.069547,-9443875.150833
0.008919,0.000138,-0.038624,1,0,73078.876577,2371908.682569
0.008919,0.000138,-0.038624,1,1,-28291879.240121,10235168.066152
0.038546,0.000516,0.009616,0,0,-304543.592042,-2400127.289208
0.038546,0.000516,0.009616,1,-1,-2623530.239017,8877407.145059
0.038546,0.000516,0.009616,1,0,-52782.261979,172087.059283
0.038546,0.000516,0.009616,1,1,-3158714.031173,-8866436.116675
-0.036157,-0.008899,0.013892,0,0,-8686.428397,-2287478.424853
-0.036157,-0.008899,0.013892,1,-1,4266341.598011,-1214217.231001
-0.036157,-0.008899,0.013892,1,0,-20861.279647,2028965.097256
-0.036157,-0.008899,0.013892,1,1,4212110.004977,1055777.075737
-0.012187,0.006556,0.037245,0,0,-69320.196086,-280533.884285
-0.012187,0.006556,0.037245,1,-1,21318183.925206,14506877.444160
-0.012187,0.006556,0.037245,1,0,179200.671216,1133915.033786
-0.012187,0.006556,0.037245,1,1,20999721.896922,-15984212.712140
-0.023704,-0.010439,0.029991,0,0,-23284.710732,-250385.132745
-0.023704,-0.010439,0.029991,1,-1,14050631.142387,6684594.688082
-0.023704,-0.010439,0.029991,1,0,496709.587254,7008305.346664
-0.023704,-0.010439,0.029991,1,1,13463742.750450,-7308061.011330
-0.036808,-0.014715,0.000899,0,0,186551.390205,4854292.165451
-0.036808,-0.014715,0.000899,1,-1,1499970.438815,-2369835.329949
-0.036808,-0.014715,0.000899,1,0,26350.489021,564253.420994
-0.036808,-0.014715,0.000899,1,1,1277556.368761,2405459.138981
-0.013910,0.011749,-0.035257,0,0,173156.596411,-2928072.194626
-0.013910,0.011749,-0.035257,1,-1,-5197953.589381,6932351.750024
-0.013910,0.011749,-0.035257,1,0,-133122.519376,-2207949.261376
-0.013910,0.011749,-0.035257,1,1,-5596853.906318,-6618986.790590
0.005617,0.039032,-0.003973,0,0,-65922.085672,-1033434.509951
0.005617,0.039032,-0.003973,1,-1,664154.106977,-221160.503266
0.005617,0.039032,-0.003973,1,0,323805.848725,9121537.973159
0.005617,0.039032,-0.003973,1,1,-23772.363555,229723.775925
0.006269,0.008200,-0.038350,0,0,74082.558451,-1274538.704459
0.006269,0.008200,-0.038350,1,-1,-32165268.515327,-3724707.669813
0.006269,0.008200,-0.038350,1,0,-31406.243249,-10691053.946399
0.006269,0.008200,-0.038350,1,1,-32410477.969874,4796765.602043
-0.013983,-0.036872,-0.004608,0,0,-155675.042489,-1310083.863291
-0.013983,-0.036872,-0.004608,1,-1,1418527.092852,926719.268299
-0.013983,-0.036872,-0.004608,1,0,-125689.662913,-12517284.334151
-0.013983,-0.036872,-0.004608,1,1,1736712.345408,-1318916.233370
0.004966,-0.009908,0.038065,0,0,-172070.709610,-2439904.507123
0.004966,-0.009908,0.038065,1,-1,14544748.035890,-410155.594266
0.004966,-0.009908,0.038065,1,0,228224.554326,3131905.208153
0.004966,-0.009908,0.038065,1,1,14629791.032749,-444591.048785
0.005412,-0.037779,-0.011096,0,0,142534.551993,5668759.167422
0.005412,-0.037779,-0.011096,1,-1,231411.492030,4855853.966808
0.005412,-0.037779,-0.011096,1,0,-318929.110036,-23421813.008159
0.005412,-0.037779,-0.011096,1,1,-199225.498209,-4924766.851048
0.026326,0.029601,-0.001764,0,0,79944.742634,3057462.045358
0.026326,0.029601,-0.001764,1,-1,-234576.412468,315761.225118
0.026326,0.029601,-0.001764,1,0,-13954.172321,2094591.620918
0.026326,0.029601,-0.001764,1,1,-187387.951458,-465160.049395
-0.033372,-0.015298,0.014999,0,0,-24477.044109,-4653771.217553
-0.033372,-0.015298,0.014999,1,-1,5516875.273341,546252.354867
-0.033372,-0.015298,0.014999,1,0,125889.867955,1545966.426199
-0.033372,-0.015298,0.014999,1,1,5293902.629846,-755283.613349
0.014957,0.021239,0.030034,0,0,-180611.768499,-1211431.550935
0.014957,0.021239,0.030034,1,-1,6162202.264408,-4328200.271995
0.014957,0.021239,0.030034,1,0,-354883.062808,-10846122.361352
0.014957,0.021239,0.030034,1,1,6211528.892221,4007160.805756
0.011236,-0.018746,0.033154,0,0,-248062.752543,-3469204.864972
0.011236,-0.018746,0.033154,1,-1,6085659.997424,-395825.728323
0.011236,-0.018746,0.033154,1,0,101703.462253,8255680.445092
0.011236,-0.018746,0.033154,1,1,6149861.187704,447430.489174
0.021550,-0.024639,-0.022336,0,0,248552.248812,5083469.848883
0.021550,-0.024639,-0.022336,1,-1,-127153.877891,3832929.739865
0.021550,-0.024639,-0.022336,1,0,211119.101752,-6295533.129089
0.021550,-0.024639,-0.022336,1,1,-290999.871643,-3947448.685069
-0.026924,-0.028647,0.005408,0,0,-57383.657049,7533157.756866
-0.026924,-0.028647,0.005408,1,-1,2954742.672071,3801895.756593
-0.026924,-0.028647,0.005408,1,0,58279.609002,1563835.551664
-0.026924,-0.028647,0.005408,1,1,2856539.083846,-3875526.100171
-0.013169,0.023672,0.028942,0,0,-444991.105350,-4259154.465645
-0.013169,0.023672,0.028942,1,-1,7636317.350083,611977.542251
-0.013169,0.023672,0.028942,1,0,-106172.957298,-236760.634745
-0.013169,0.023672,0.028942,1,1,7012872.017317,-843344.964981
-0.028169,-0.028011,0.000987,0,0,6428.686419,8056165.694246
-0.028169,-0.028011,0.000987,1,-1,934834.772888,6179018.604698
-0.028169,-0.028011,0.000987,1,0,24775.897193,2157935.239021
-0.028169,-0.028011,0.000987,1,1,948669.108380,-6440775.663305
-0.007117,0.020917,0.032948,0,0,-260251.570514,-9028944.718819
-0.007117,0.020917,0.032948,1,-1,19896663.672441,1327205.863387
-0.007117,0.020917,0.032948,1,0,-528801.961598,-18203174.366233
-0.007117,0.020917,0.032948,1,1,19305362.668297,-1661688.833791
-0.015667,0.014718,0.033276,0,0,-43629.665093,-925049.241599
-0.015667,0.014718,0.033276,1,-1,16987497.772116,7965363.385239
-0.015667,0.014718,0.033276,1,0,-339136.364131,-14296996.373157
-0.015667,0.014718,0.033276,1,1,16463557.174761,-8349170.852306
0.006703,-0.021407,-0.032710,0,0,-34667.573797,-2486735.104828
0.006703,-0.021407,-0.032710,1,-1,-820695.284910,3759531.825385
0.006703,-0.021407,-0.032710,1,0,-93246.773327,656074.616233
0.006703,-0.021407,-0.032710,1,1,-1210400.943918,-3666637.767093
-0.012800,-0.033164,-0.017546,0,0,17394.874987,-2028785.166217
-0.012800,-0.033164,-0.017546,1,-1,2410187.095380,-448938.269740
-0.012800,-0.033164,-0.017546,1,0,-319959.919333,-7995952.916000
-0.012800,-0.033164,-0.017546,1,1,2302449.139338,213146.512457
-0.004207,0.004100,-0.039194,0,0,-245595.016649,-5232060.661578
-0.004207,0.004100,-0.039194,1,-1,-36989284.880003,2798270.793548
-0.004207,0.004100,-0.039194,1,0,-168395.918992,-5937248.997999
-0.004207,0.004100,-0.039194,1,1,-36925437.463287,-936562.740558
0.025606,-0.012914,0.027382,0,0,-245965.676924,1960069.291459
0.025606,-0.012914,0.027382,1,-1,3491804.614647,2359173.843209
0.025606,-0.012914,0.027382,1,0,-228645.447799,-758589.193757
0.025606,-0.012914,0.027382,1,1,3522031.981016,-2216092.825006
0.025663,-0.027891,0.011733,0,0,455057.505430,6375122.326725
0.025663,-0.027891,0.011733,1,-1,2321645.485729,20683444.567038
0.025663,-0.027891,0.011733,1,0,-942090.025154,-39873148.344114
0.025663,-0.027891,0.011733,1,1,1023829.240330,-20943384.089891
0.014200,-0.025080,0.027238,0,0,-373953.425478,1231993.071529
0.014200,-0.025080,0.027238,1,-1,1734343.113981,3248992.875730
0.014200,-0.025080,0.027238,1,0,-215139.120021,-8313408.018400
0.014200,-0.025080,0.027238,1,1,2050511.574621,-2775791.417709
-0.034427,0.006302,-0.018836,0,0,21740.595223,-3298972.693048
-0.034427,0.006302,-0.018836,1,-1,2457499.323111,-9238148.596129
-0.034427,0.006302,-0.018836,1,0,-58856.331664,-3454875.629671
-0.034427,0.006302,-0.018836,1,1,2992101.889194,9293866.113495
-0.038468,0.005678,-0.007926,0,0,9553.811052,2769810.378175
-0.038468,0.005678,-0.007926,1,-1,-494912.717588,-7944970.145400
-0.038468,0.005678,-0.007926,1,0,76228.023401,344143.785219
-0.038468,0.005678,-0.007926,1,1,-106665.754080,7865378.197799
0.021111,0.033423,0.004097,0,0,219657.495733,5221199.495319
0.021111,0.033423,0.004097,1,-1,-1560821.998676,2693568.717844
0.021111,0.033423,0.004097,1,0,323406.871426,10208086.212086
0.021111,0.033423,0.004097,1,1,-1574192.792760,-2890638.305228
-0.005955,-0.028810,-0.026584,0,0,8899.818165,-2565357.468951
-0.005955,-0.028810,-0.026584,1,-1,-2924268.017362,3021636.551719
-0.005955,-0.028810,-0.026584,1,0,-400546.862858,-10026971.465145
-0.005955,-0.028810,-0.026584,1,1,-2911333.924450,-3746318.878065
0.007384,-0.037665,-0.010108,0,0,216038.989366,7106247.556366
0.007384,-0.037665,-0.010108,1,-1,2865403.784251,5899838.365416
0.007384,-0.037665,-0.010108,1,0,-451488.572437,-27348387.784737
0.007384,-0.037665,-0.010108,1,1,2237790.059942,-6142027.066440
-0.027755,-0.004808,-0.027914,0,0,200625.374467,-7444020.122936
-0.027755,-0.004808,-0.027914,1,-1,-4688933.549581,2551200.506059
-0.027755,-0.004808,-0.027914,1,0,38417.008534,7620873.919959
-0.027755,-0.004808,-0.027914,1,1,-5303916.807015,-2152469.936864
0.011704,-0.037427,0.005698,0,0,-533657.635921,-3992008.196647
0.011704,-0.037427,0.005698,1,-1,-5777015.701124,8501733.083094
0.011704,-0.037427,0.005698,1,0,-1031174.303038,-44133937.559637
0.011704,-0.037427,0.005698,1,1,-6372477.986684,-8292174.690361
0.027733,-0.023154,0.016430,0,0,-50128.310297,-3345438.433998
0.027733,-0.023154,0.016430,1,-1,-5893943.354355,15145652.682093
0.027733,-0.023154,0.016430,1,0,-303484.362767,-17915157.438448
0.027733,-0.023154,0.016430,1,1,-6346492.541693,-15329256.785023
0.022115,-0.028356,-0.016819,0,0,169659.737325,7826963.069007
0.022115,-0.028356,-0.016819,1,-1,3690252.798963,3360903.097251
0.022115,-0.028356,-0.016819,1,0,212.650906,-11243861.100153
0.022115,-0.028356,-0.016819,1,1,3553257.737173,-3456305.804402
-0.039147,-0.004181,-0.005387,0,0,122493.438573,5538966.288604
-0.039147,-0.004181,-0.005387,1,-1,1459736.801604,-3664116.034166
-0.039147,-0.004181,-0.005387,1,0,-201673.279705,-2277421.695561
-0.039147,-0.004181,-0.005387,1,1,1688674.713908,3276379.023475
-0.033952,0.003686,0.020209,0,0,49467.047635,7660583.734982
-0.033952,0.003686,0.020209,1,-1,5513515.661762,4371497.495401
-0.033952,0.003686,0.020209,1,0,-28162.387269,7405805.935388
-0.033952,0.003686,0.020209,1,1,5489324.233169,-4624741.785261
0.023432,-0.031053,-0.007928,0,0,370928.859277,8858854.520575
0.023432,-0.031053,-0.007928,1,-1,1170246.422327,11097483.274597
0.023432,-0.031053,-0.007928,1,0,-640036.075340,-26767466.782453
0.023432,-0.031053,-0.007928,1,1,487082.912952,-11294422.585800
0.011817,0.021520,0.031113,0,0,-295192.570247,-1448513.155199
0.011817,0.021520,0.031113,1,-1,8081575.314874,-1590297.591446
0.011817,0.021520,0.031113,1,0,-451784.684539,-14531739.098491
0.011817,0.021520,0.031113,1,1,7895958.012145,911056.379489
-0.035017,0.015252,0.010786,0,0,-290308.047747,-752324.288087
-0.035017,0.015252,0.010786,1,-1,-3342656.343403,-6952735.084890
-0.035017,0.015252,0.010786,1,0,-101512.509871,-1206531.439253
-0.035017,0.015252,0.010786,1,1,-2921222.246251,6998748.627792
-0.000379,0.024636,0.031075,0,0,-374987.937509,-9881675.036009
-0.000379,0.024636,0.031075,1,-1,12787677.050382,-1089618.878865
-0.000379,0.024636,0.031075,1,0,-87689.142834,-11296061.345044
-0.000379,0.024636,0.031075,1,1,12842129.359225,522509.985715
-0.031144,0.020105,0.014173,0,0,-452550.261585,-1189456.127412
-0.031144,0.020105,0.014173,1,-1,-8346348.665006,-12177092.763395
-0.031144,0.020105,0.014173,1,0,470716.505288,12768889.436344
-0.031144,0.020105,0.014173,1,1,-7083329.627936,12805715.643795
-0.038405,0.009408,-0.004171,0,0,1907.327382,4486253.919328
-0.038405,0.009408,-0.004171,1,-1,-226392.556937,-10291387.956355
-0.038405,0.009408,-0.004171,1,0,140265.363094,5432792.789353
-0.038405,0.009408,-0.004171,1,1,61078.541172,10231479.411510
-0.000866,0.011612,0.037921,0,0,-82312.536302,-17294.061117
-0.000866,0.011612,0.037921,1,-1,25829781.543094,-1589152.784119
-0.000866,0.011612,0.037921,1,0,-390508.836711,-17249948.191991
-0.000866,0.011612,0.037921,1,1,26342110.448056,-40783.946277
-0.025028,0.004013,-0.030443,0,0,92863.069091,-10530821.600720
-0.025028,0.004013,-0.030443,1,-1,-3202187.738219,2235622.406840
-0.025028,0.004013,-0.030443,1,0,-275049.422903,-8537396.380838
-0.025028,0.004013,-0.030443,1,1,-3641129.245635,-2080994.771509
0.030320,0.014622,0.021049,0,0,-354079.661992,-2297170.657377
0.030320,0.014622,0.021049,1,-1,7540999.075678,-3531851.262601
0.030320,0.014622,0.021049,1,0,-122308.307422,-663385.639136
0.030320,0.014622,0.021049,1,1,7433073.345587,3242595.515605
-0.030618,-0.024276,-0.006707,0,0,132250.774539,5267618.920935
-0.030618,-0.024276,-0.006707,1,-1,-3001325.243349,4298264.144870
-0.030618,-0.024276,-0.006707,1,0,122719.354124,1614912.112715
-0.030618,-0.024276,-0.006707,1,1,-2731921.435107,-4216839.418537
0.024752,0.027960,0.013631,0,0,27662.267446,1184692.102792
0.024752,0.027960,0.013631,1,-1,1030552.250826,1998717.995622
0.024752,0.027960,0.013631,1,0,190421.142694,4409969.902769
0.024752,0.027960,0.013631,1,1,1037227.824032,-2011898.251729
-0.031900,0.012883,-0.019718,0,0,-21344.067959,-2235324.010748
-0.031900,0.012883,-0.019718,1,-1,5203542.874230,-8582259.143623
-0.031900,0.012883,-0.019718,1,0,307744.210851,15674727.859222
-0.031900,0.012883,-0.019718,1,1,5669957.691214,8332266.128402
-0.002097,-0.036805,-0.014772,0,0,63193.967598,277439.299633
-0.002097,-0.036805,-0.014772,1,-1,2621179.484564,-315995.538523
-0.002097,-0.036805,-0.014772,1,0,-229860.477474,-13902812.472925
-0.002097,-0.036805,-0.014772,1,1,2681947.270861,99952.365449
0.014241,-0.004371,0.036799,0,0,-291508.776563,-136865.025150
0.014241,-0.004371,0.036799,1,-1,16599108.011340,-4552347.553618
0.014241,-0.004371,0.036799,1,0,194182.968483,6132818.456010
0.014241,-0.004371,0.036799,1,1,17166259.971042,4102201.711505
0.025891,0.029144,0.007089,0,0,20041.266926,3133267.780232
0.025891,0.029144,0.007089,1,-1,58270.127547,1734728.747798
0.025891,0.029144,0.007089,1,0,38163.817208,4269168.451342
0.025891,0.029144,0.007089,1,1,77486.354395,-1831346.393087
0.032048,0.019662,0.012547,0,0,-119666.256189,3654581.806093
0.032048,0.019662,0.012547,1,-1,2415421.419038,-922408.810579
0.032048,0.019662,0.012547,1,0,-4560.057556,-1382316.286537
0.032048,0.019662,0.012547,1,1,2554526.314028,840710.706685
0.003269,0.039421,0.002610,0,0,110795.022953,5534823.187974
0.003269,0.039421,0.002610,1,-1,-7025123.317973,-3608513.777021
0.003269,0.039421,0.002610,1,0,477962.299753,16741730.254715
0.003269,0.039421,0.002610,1,1,-7030336.929011,4224833.968261
-0.011732,0.031175,-0.021484,0,0,337347.010947,5678781.356212
-0.011732,0.031175,-0.021484,1,-1,1932521.234924,-4118565.198324
-0.011732,0.031175,-0.021484,1,0,24664.640619,10488129.089891
-0.011732,0.031175,-0.021484,1,1,2128041.178966,3475205.890928
-0.002532,0.038626,-0.008512,0,0,-65945.607043,3733946.404682
-0.002532,0.038626,-0.008512,1,-1,4828855.087726,-3194147.031398
-0.002532,0.038626,-0.008512,1,0,67870.374666,15512914.387294
-0.002532,0.038626,-0.008512,1,1,5179355.477228,2672309.378536
0.030084,0.024094,0.009289,0,0,-64802.676539,3708147.185480
0.030084,0.024094,0.009289,1,-1,1366817.485499,1172729.743279
0.030084,0.024094,0.009289,1,0,-35524.829782,-1662452.264678
0.030084,0.024094,0.009289,1,1,1469767.879076,-1291262.385311
0.037960,0.011235,-0.002201,0,0,-57883.095732,-215051.554831
0.037960,0.011235,-0.002201,1,-1,-1944554.294770,-2613763.237203
0.037960,0.011235,-0.002201,1,0,-89845.499670,5433217.127386
0.037960,0.011235,-0.002201,1,1,-1974444.134778,2539750.027597
0.034137,0.020006,-0.002404,0,0,-112113.680886,4223600.275789
0.034137,0.020006,-0.002404,1,-1,-3105429.047905,-5559359.902257
0.034137,0.020006,-0.002404,1,0,-34646.021361,-5066733.393588
0.034137,0.020006,-0.002404,1,1,-2675487.825311,5714157.413959
0.030588,0.018594,0.017067,0,0,-229987.237554,1424465.941460
0.030588,0.018594,0.017067,1,-1,3569816.721652,-539953.947345
0.030588,0.018594,0.017067,1,0,-3304.107882,-677515.238997
0.030588,0.018594,0.017067,1,1,3556988.094504,287319.784199
0.012671,-0.033656,-0.016695,0,0,408954.358180,11851037.403048
0.012671,-0.033656,-0.016695,1,-1,5465082.665724,6648124.619266
0.012671,-0.033656,-0.016695,1,0,-247055.726541,-16546400.725029
0.012671,-0.033656,-0.016695,1,1,5054989.662567,-7048153.519625
-0.028791,0.025592,-0.009422,0,0,11046.158076,-6735140.237472
-0.028791,0.025592,-0.009422,1,-1,575573.656372,-17184240.304586
-0.028791,0.025592,-0.009422,1,0,636704.403708,18312722.379290
-0.028791,0.025592,-0.009422,1,1,1682000.581934,17222936.671794
0.017556,-0.029384,0.019992,0,0,-113041.050955,7883238.442336
0.017556,-0.029384,0.019992,1,-1,-11111739.261378,5336565.831297
0.017556,-0.029384,0.019992,1,0,-892845.669547,-32710013.548167
0.017556,-0.029384,0.019992,1,1,-11282034.448630,-4877153.285400
0.024722,-0.007056,0.030250,0,0,-367247.876408,-379384.705864
0.024722,-0.007056,0.030250,1,-1,11837377.163091,-6327338.898717
0.024722,-0.007056,0.030250,1,0,-111472.739934,4573083.014951
0.024722,-0.007056,0.030250,1,1,11910459.433829,6129126.678156
-0.005522,0.023368,-0.031653,0,0,-162358.135418,-3817461.709167
-0.005522,0.023368,-0.031653,1,-1,-5515102.630154,394796.849560
-0.005522,0.023368,-0.031653,1,0,-329915.222354,-5676475.629364
-0.005522,0.023368,-0.031653,1,1,-5937151.217137,-117447.837991
0.009051,0.020873,-0.032512,0,0,49020.451191,6592897.408703
0.009051,0.020873,-0.032512,1,-1,-15900924.799558,-2709834.608175
0.009051,0.020873,-0.032512,1,0,-303201.825883,-12505623.009192
0.009051,0.020873,-0.032512,1,1,-15789433.191108,3284646.535541
-0.001084,-0.038060,-0.011253,0,0,103622.167039,4017332.240832
-0.001084,-0.038060,-0.011253,1,-1,-4640537.382323,-71365.814475
-0.001084,-0.038060,-0.011253,1,0,-414753.903376,-23104589.374650
-0.001084,-0.038060,-0.011253,1,1,-4615172.995865,25882.457943
-0.036519,0.014956,0.004178,0,0,-128262.075529,2596096.500783
-0.036519,0.014956,0.004178,1,-1,3089287.911396,-12272353.407040
-0.036519,0.014956,0.004178,1,0,110610.446277,8014621.571993
-0.036519,0.014956,0.004178,1,1,3449526.342148,12149095.626145
-0.013827,-0.004039,-0.036940,0,0,406075.927281,9240585.367201
-0.013827,-0.004039,-0.036940,1,-1,-24460946.751589,7896912.189304
-0.013827,-0.004039,-0.036940,1,0,38294.967819,534308.428811
-0.013827,-0.004039,-0.036940,1,1,-25112437.043914,-6913709.701023
0.001957,-0.012480,0.037569,0,0,-222828.676687,-3877613.445154
0.001957,-0.012480,0.037569,1,-1,14560465.126731,587442.014379
0.001957,-0.012480,0.037569,1,0,368528.468744,12094866.464202
0.001957,-0.012480,0.037569,1,1,14597529.869973,-1730559.989038
0.036882,0.003392,-0.014357,0,0,364201.656679,-13385276.126243
0.036882,0.003392,-0.014357,1,-1,-8299942.150653,1651722.458512
0.036882,0.003392,-0.014357,1,0,63922.357503,-4079826.674838
0.036882,0.003392,-0.014357,1,1,-8964706.856134,-2331997.556172
0.008960,-0.031862,-0.021803,0,0,364772.612453,8987843.586207
0.008960,-0.031862,-0.021803,1,-1,3446440.972232,2921999.236971
0.008960,-0.031862,-0.021803,1,0,-171004.304509,-11669216.624017
0.008960,-0.031862,-0.021803,1,1,3140470.333728,-3528574.728716
0.026797,-0.006747,-0.028446,0,0,155245.549014,-4297422.657105
0.026797,-0.006747,-0.028446,1,-1,1072691.446328,-5438377.313861
0.026797,-0.006747,-0.028446,1,0,256455.001310,2852638.333143
0.026797,-0.006747,-0.028446,1,1,1650386.559299,5876620.433424
0.011852,0.019916,-0.032264,0,0,-23217.163824,5335876.513560
0.011852,0.019916,-0.032264,1,-1,-17904065.430060,-10393616.203981
0.011852,0.019916,-0.032264,1,0,-309862.305731,-11910383.872951
0.011852,0.019916,-0.032264,1,1,-17558723.449267,10928216.367500
0.002264,-0.009146,0.038513,0,0,-155878.474405,-3134338.628572
0.002264,-0.009146,0.038513,1,-1,17081037.384994,-1697081.140884
0.002264,-0.009146,0.038513,1,0,281490.674452,4087691.680983
0.002264,-0.009146,0.038513,1,1,17140120.834340,666567.920205
0.028607,0.019962,-0.018915,0,0,-223509.758308,3924026.486200
0.028607,0.019962,-0.018915,1,-1,-10341058.724342,-10359724.988259
0.028607,0.019962,-0.018915,1,0,209220.759985,-12724899.425091
0.028607,0.019962,-0.018915,1,1,-9505686.085964,10655139.155921
0.029733,0.026082,0.002838,0,0,-31798.201828,3846257.474231
0.029733,0.026082,0.002838,1,-1,-422053.742736,181297.744377
0.029733,0.026082,0.002838,1,0,-93419.641902,-2474230.020120
0.029733,0.026082,0.002838,1,1,-406736.191312,-379059.480995
0.033623,-0.020661,-0.004015,0,0,163624.271475,-4538475.890747
0.033623,-0.020661,-0.004015,1,-1,2248228.213542,16977699.231730
0.033623,-0.020661,-0.004015,1,0,-342208.520755,-24162111.603683
0.033623,-0.020661,-0.004015,1,1,1274888.489138,-17401580.537014
0.018160,-0.015472,-0.031790,0,0,101583.250190,-2012015.199958
0.018160,-0.015472,-0.031790,1,-1,-2705444.567601,-918824.927632
0.018160,-0.015472,-0.031790,1,0,-2562.334096,-2977329.698164
0.018160,-0.015472,-0.031790,1,1,-2090535.690650,1219772.041122
-0.032845,0.018726,-0.011914,0,0,1888.590702,-1029561.877656
-0.032845,0.018726,-0.011914,1,-1,5893633.170576,-17235648.464319
-0.032845,0.018726,-0.011914,1,0,279510.909546,10091224.757978
-0.032845,0.018726,-0.011914,1,1,6923512.282710,16800703.669597
-0.039561,-0.000282,-0.002370,0,0,-4858.214969,4159237.571783
-0.039561,-0.000282,-0.002370,1,-1,512349.838829,-3254054.394047
-0.039561,-0.000282,-0.002370,1,0,-98383.873712,-1057205.012963
-0.039561,-0.000282,-0.002370,1,1,768223.053141,3177756.868309
-0.010631,-0.027005,0.027042,0,0,-123476.578999,2883304.158520
-0.010631,-0.027005,0.027042,1,-1,11458178.722708,4906690.110201
-0.010631,-0.027005,0.027042,1,0,248900.469799,14226618.730413
-0.010631,-0.027005,0.027042,1,1,11527659.088140,-5155415.286294
0.022907,0.003655,0.032257,0,0,-373798.976680,1628994.669651
0.022907,0.003655,0.032257,1,-1,12170927.330864,-15303068.298199
0.022907,0.003655,0.032257,1,0,35690.822422,-4751344.717181
0.022907,0.003655,0.032257,1,1,12573985.798204,15116618.921659
0.008435,-0.012861,-0.036600,0,0,52638.687634,-1871566.145107
0.008435,-0.012861,-0.036600,1,-1,-9347902.381472,-1788485.156834
0.008435,-0.012861,-0.036600,1,0,48370.076181,1980344.124343
0.008435,-0.012861,-0.036600,1,1,-9565552.708827,2109305.581013
-0.015461,-0.036466,0.001014,0,0,-274640.341175,-4857132.694527
-0.015461,-0.036466,0.001014,1,-1,3930878.372904,-3081102.537152
-0.015461,-0.036466,0.001014,1,0,-127583.220842,-9262038.372088
-0.015461,-0.036466,0.001014,1,1,4502517.314406,2841816.176855
-0.029169,-0.005524,-0.026354,0,0,207652.444984,-7271497.529392
-0.029169,-0.005524,-0.026354,1,-1,-3605000.577484,-1074046.687247
-0.029169,-0.005524,-0.026354,1,0,6585.691805,9372078.659667
-0.029169,-0.005524,-0.026354,1,1,-4242518.396058,1346159.941403
-0.002182,0.032820,0.022098,0,0,-71351.401277,-1733918.293798
-0.002182,0.032820,0.022098,1,-1,-3570006.562613,-8678429.997015
-0.002182,0.032820,0.022098,1,0,21723.807802,16927021.710320
-0.002182,0.032820,0.022098,1,1,-3403613.819289,8821725.312596
0.016185,0.021830,0.028900,0,0,-188537.576757,-1808086.177182
0.016185,0.021830,0.028900,1,-1,4595857.054066,-4220683.702440
0.016185,0.021830,0.028900,1,0,-265438.145893,-8650724.889972
0.016185,0.021830,0.028900,1,1,4827663.919317,3997663.022917
0.022915,-0.031635,-0.006910,0,0,408476.025086,9671383.819992
0.022915,-0.031635,-0.006910,1,-1,793610.712958,13256981.215091
0.022915,-0.031635,-0.006910,1,0,-689487.681707,-29141202.904295
0.022915,-0.031635,-0.006910,1,1,-13515.503139,-13516806.434644
0.013408,-0.024076,-0.028493,0,0,268320.767400,607083.434781
0.013408,-0.024076,-0.028493,1,-1,-889249.799450,605546.044604
0.013408,-0.024076,-0.028493,1,0,-134040.932869,-3157136.905464
0.013408,-0.024076,-0.028493,1,1,-937948.292763,-716378.121972
0.012064,-0.007865,-0.037018,0,0,49319.626896,-5682219.335145
0.012064,-0.007865,-0.037018,1,-1,-18329692.221278,-8722932.058044
0.012064,-0.007865,-0.037018,1,0,-42988.991048,2468528.752497
0.012064,-0.007865,-0.037018,1,1,-17969658.102001,9351263.450902
-0.008258,0.007601,0.038019,0,0,52909.477178,4343118.969581
-0.008258,0.007601,0.038019,1,-1,22195793.121900,5542072.204522
-0.008258,0.007601,0.038019,1,0,142678.289299,-5047060.434423
-0.008258,0.007601,0.038019,1,1,22089358.146546,-6999604.255224
-0.027723,0.026549,-0.010185,0,0,-24104.437688,-7289701.168177
-0.027723,0.026549,-0.010185,1,-1,3370686.224509,-14525693.203147
-0.027723,0.026549,-0.010185,1,0,597355.091961,19028391.952235
-0.027723,0.026549,-0.010185,1,1,4301767.742279,14523342.037377
-0.012647,0.036985,-0.006444,0,0,603370.872174,5864193.466719
-0.012647,0.036985,-0.006444,1,-1,3726495.565317,-10342188.501893
-0.012647,0.036985,-0.006444,1,0,1072935.710552,43000567.389560
-0.012647,0.036985,-0.006444,1,1,4733718.921114,10663755.351903
-0.011956,0.012284,-0.035756,0,0,185651.479787,-1586375.357595
-0.011956,0.012284,-0.035756,1,-1,-7211741.963196,4259132.952228
-0.011956,0.012284,-0.035756,1,0,-96180.449414,-2863256.909738
-0.011956,0.012284,-0.035756,1,1,-7427054.948327,-3956650.563397
0.024689,-0.029114,-0.010679,0,0,218183.663438,6218510.474162
0.024689,-0.029114,-0.010679,1,-1,3952191.566268,7605000.091531
0.024689,-0.029114,-0.010679,1,0,-384979.371036,-19952088.986579
0.024689,-0.029114,-0.010679,1,1,3448612.042184,-7779809.121676
0.001401,-0.010203,-0.038303,0,0,50599.445009,-5336359.208911
0.001401,-0.010203,-0.038303,1,-1,-24097321.976463,2621418.558379
0.001401,-0.010203,-0.038303,1,0,231567.912790,9520000.800898
0.001401,-0.010203,-0.038303,1,1,-23795825.015888,-1822804.841767
-0.007268,0.032382,-0.021674,0,0,382715.149360,6384643.162412
-0.007268,0.032382,-0.021674,1,-1,-38088.003984,122265.553726
-0.007268,0.032382,-0.021674,1,0,225336.790410,11810972.928835
-0.007268,0.032382,-0.021674,1,1,-274932.456763,-357209.720166
-0.023189,-0.024495,0.020938,0,0,-175154.122021,-7124784.683867
-0.023189,-0.024495,0.020938,1,-1,13398573.386292,12786380.685498
-0.023189,-0.024495,0.020938,1,0,206022.182109,14318144.420863
-0.023189,-0.024495,0.020938,1,1,12774384.472435,-13387362.971202
0.012765,-0.012899,0.035268,0,0,-236170.014992,-1281831.528350
0.012765,-0.012899,0.035268,1,-1,7592794.136692,-5516579.195691
0.012765,-0.012899,0.035268,1,0,-57749.371499,5744178.091359
0.012765,-0.012899,0.035268,1,1,7915425.894834,5122531.805075
0.030085,-0.016501,0.019932,0,0,-116502.647250,-281799.948217
0.030085,-0.016501,0.019932,1,-1,-11142512.629060,10617166.989605
0.030085,-0.016501,0.019932,1,0,-121732.917947,-7448826.292128
0.030085,-0.016501,0.019932,1,1,-11412066.974611,-10477308.449732
-0.016492,-0.033711,-0.012752,0,0,-25034.821892,-1851064.913060
-0.016492,-0.033711,-0.012752,1,-1,336357.025711,-2478386.842499
-0.016492,-0.033711,-0.012752,1,0,-245965.549566,-4933587.442528
-0.016492,-0.033711,-0.012752,1,1,385059.642034,2451877.070218
-0.039359,-0.004939,-0.000690,0,0,68951.152105,4735322.355782
-0.039359,-0.004939,-0.000690,1,-1,889266.564345,-2805159.235386
-0.039359,-0.004939,-0.000690,1,0,-149855.710219,-1874127.253512
-0.039359,-0.004939,-0.000690,1,1,1124317.628792,2701016.530902
0.006608,-0.036983,-0.012759,0,0,156722.442287,5356147.766459
0.006608,-0.036983,-0.012759,1,-1,3517028.235289,7333220.619631
0.006608,-0.036983,-0.012759,1,0,-171933.991594,-18921420.989269
0.006608,-0.036983,-0.012759,1,1,2940373.182327,-7517526.104515
-0.010771,0.028411,-0.025606,0,0,285203.998533,1595585.552144
-0.010771,0.028411,-0.025606,1,-1,-3312201.616174,-4114600.530811
-0.010771,0.028411,-0.025606,1,0,101600.560189,4763862.638129
-0.010771,0.028411,-0.025606,1,1,-2817002.749395,4194495.591538
0.020388,-0.021828,-0.026029,0,0,246075.368308,1943584.105029
0.020388,-0.021828,-0.026029,1,-1,-548576.776447,2763073.147423
0.020388,-0.021828,-0.026029,1,0,58887.767938,-4567934.429798
0.020388,-0.021828,-0.026029,1,1,-495859.472869,-2627431.498003
0.035854,-0.016718,-0.002976,0,0,160158.160277,-6023279.264712
0.035854,-0.016718,-0.002976,1,-1,3806066.197477,22647625.330346
0.035854,-0.016718,-0.002976,1,0,-338260.858979,-12254679.716610
0.035854,-0.016718,-0.002976,1,1,2973122.125418,-22857853.558527
-0.022550,0.013590,0.029735,0,0,-144368.678484,714793.453748
-0.022550,0.013590,0.029735,1,-1,14877257.852097,5387521.001867
-0.022550,0.013590,0.029735,1,0,89626.608709,-2604210.231601
-0.022550,0.013590,0.029735,1,1,14595199.136111,-5420264.493537
0.012293,-0.013107,0.035362,0,0,-227718.148313,-1140667.320437
0.012293,-0.013107,0.035362,1,-1,7333055.014009,-4942062.231122
0.012293,-0.013107,0.035362,1,0,-43940.707476,5809839.585421
0.012293,-0.013107,0.035362,1,1,7628919.125844,4558836.221119
-0.034837,0.016896,0.008642,0,0,-274445.728749,-985503.975848
-0.034837,0.016896,0.008642,1,-1,298513.542589,-10440900.787566
-0.034837,0.016896,0.008642,1,0,180780.169069,7636095.306240
-0.034837,0.016896,0.008642,1,1,990246.624187,10341466.642555
-0.035893,-0.014937,0.007615,0,0,155832.407174,1928673.355001
-0.035893,-0.014937,0.007615,1,-1,2438290.407290,-3827574.335096
-0.035893,-0.014937,0.007615,1,0,15171.498042,-322501.946944
-0.035893,-0.014937,0.007615,1,1,2544747.898941,3925454.040142
0.014029,0.029692,0.022236,0,0,10873.025542,-6347653.819604
0.014029,0.029692,0.022236,1,-1,1146303.778652,4919203.166724
0.014029,0.029692,0.022236,1,0,211247.786390,-138264.949933
0.014029,0.029692,0.022236,1,1,1096930.124252,-4903934.396092
-0.039709,0.000696,-0.000135,0,0,-13040.115884,4100285.619721
-0.039709,0.000696,-0.000135,1,-1,-281000.000646,-2934367.122856
-0.039709,0.000696,-0.000135,1,0,-37883.843484,-102569.707606
-0.039709,0.000696,-0.000135,1,1,-70849.350993,2973057.950071
-0.013780,0.010571,-0.035675,0,0,186125.409085,-2785448.576787
-0.013780,0.010571,-0.035675,1,-1,-7384536.102113,7371817.461780
-0.013780,0.010571,-0.035675,1,0,-118314.265633,-3866077.372039
-0.013780,0.010571,-0.035675,1,1,-7732065.781780,-7006022.752569
0.033968,-0.012942,0.015925,0,0,93790.669088,-2848325.708167
0.033968,-0.012942,0.015925,1,-1,-5692807.678427,14056833.178109
0.033968,-0.012942,0.015925,1,0,-302136.789861,-10443837.396370
0.033968,-0.012942,0.015925,1,1,-6284625.789682,-14091818.175808
-0.005289,0.003080,0.039165,0,0,-61550.873230,2013641.145069
-0.005289,0.003080,0.039165,1,-1,24562963.768192,-29358.753416
-0.005289,0.003080,0.039165,1,0,30542.531692,1528991.812637
-0.005289,0.003080,0.039165,1,1,24445403.776262,-1329394.955781
-0.006235,-0.034509,-0.018465,0,0,81785.784994,514239.056956
-0.006235,-0.034509,-0.018465,1,-1,6756088.385629,-46669.854959
-0.006235,-0.034509,-0.018465,1,0,-300403.894708,-12286028.727199
-0.006235,-0.034509,-0.018465,1,1,6724635.253867,-334894.433223
-0.037107,-0.001044,0.014018,0,0,48958.169551,3641257.819645
-0.037107,-0.001044,0.014018,1,-1,2128402.277068,681467.131358
-0.037107,-0.001044,0.014018,1,0,206055.340769,8139597.557295
-0.037107,-0.001044,0.014018,1,1,1968624.448840,-695410.395151
0.023051,0.014283,0.029045,0,0,-355395.444038,-5366094.877167
0.023051,0.014283,0.029045,1,-1,10415304.455141,-13052491.550768
0.023051,0.014283,0.029045,1,0,-57624.606758,-8815909.354130
0.023051,0.014283,0.029045,1,1,11350793.344412,12948562.711049
-0.034336,0.000495,0.019962,0,0,44488.603206,3858883.940073
-0.034336,0.000495,0.019962,1,-1,5382092.913299,5700802.249703
-0.034336,0.000495,0.019962,1,0,90559.676813,9157040.619342
-0.034336,0.000495,0.019962,1,1,5236032.658977,-5933262.974775
-0.008963,-0.011045,0.037022,0,0,-106159.937186,-1506921.195257
-0.008963,-0.011045,0.037022,1,-1,19498606.756418,4864407.590165
-0.008963,-0.011045,0.037022,1,0,450151.488805,15832533.917754
-0.008963,-0.011045,0.037022,1,1,19183832.131307,-6081183.458520
-0.012556,-0.037338,0.004274,0,0,-395163.476379,-6848909.727292
-0.012556,-0.037338,0.004274,1,-1,7951039.541771,2949519.615803
-0.012556,-0.037338,0.004274,1,0,-395251.895796,-22147783.401201
-0.012556,-0.037338,0.004274,1,1,8289362.224580,-3078150.745539
0.029446,-0.013741,-0.022696,0,0,389474.252648,609194.419979
0.029446,-0.013741,-0.022696,1,-1,-3051715.059313,6532383.325163
0.029446,-0.013741,-0.022696,1,0,-205315.711906,-13731556.312168
0.029446,-0.013741,-0.022696,1,1,-2592493.999806,-6297789.512017
0.027938,-0.017403,-0.022061,0,0,487732.528776,4972943.190185
0.027938,-0.017403,-0.022061,1,-1,-853006.968306,8762945.286379
0.027938,-0.017403,-0.022061,1,0,-157093.928527,-11902362.504603
0.027938,-0.017403,-0.022061,1,1,-939012.402803,-8817708.322483
-0.030955,0.010702,-0.022484,0,0,-51062.070943,-5487325.316617
-0.030955,0.010702,-0.022484,1,-1,2738818.273289,-8002960.465201
-0.030955,0.010702,-0.022484,1,0,199066.858343,10700633.317881
-0.030955,0.010702,-0.022484,1,1,2925302.257892,7891360.607463
0.010878,-0.037722,0.005560,0,0,-515524.048957,-3424138.099820
0.010878,-0.037722,0.005560,1,-1,-4834817.233254,5223958.832717
0.010878,-0.037722,0.005560,1,0,-1130786.296498,-45470275.924731
0.010878,-0.037722,0.005560,1,1,-5240159.534408,-5085813.986035
-0.017335,-0.035436,-0.003700,0,0,-72717.741482,-1738812.688149
-0.017335,-0.035436,-0.003700,1,-1,1013247.690463,-5127318.989894
-0.017335,-0.035436,-0.003700,1,0,-109288.932031,-2613482.575435
-0.017335,-0.035436,-0.003700,1,1,1626741.654969,4860898.099315
-0.011174,-0.006683,0.037438,0,0,-23239.002148,-1006494.311893
-0.011174,-0.006683,0.037438,1,-1,20038118.935912,10702027.949659
-0.011174,-0.006683,0.037438,1,0,116915.936287,3210757.760209
-0.011174,-0.006683,0.037438,1,1,19575462.782344,-11666350.261573
0.024342,0.028002,0.014224,0,0,30580.734732,925223.931130
0.024342,0.028002,0.014224,1,-1,1036190.403311,2046224.288539
0.024342,0.028002,0.014224,1,0,211504.431047,4660918.079001
0.024342,0.028002,0.014224,1,1,1040953.835069,-2065032.307035
0.022298,0.000075,-0.032807,0,0,177958.689682,-2230354.810826
0.022298,0.000075,-0.032807,1,-1,-19329782.551396,-4993442.431432
0.022298,0.000075,-0.032807,1,0,-224424.290299,-1812218.993999
0.022298,0.000075,-0.032807,1,1,-19187828.724881,5500435.026758
-0.007529,0.016062,-0.035465,0,0,104270.293625,-2006909.248418
-0.007529,0.016062,-0.035465,1,-1,-9139150.424729,-1228809.541304
-0.007529,0.016062,-0.035465,1,0,-218701.465850,-5844985.229679
-0.007529,0.016062,-0.035465,1,1,-9264332.467021,1475687.887779
0.014895,-0.036701,-0.000954,0,0,-94337.882719,598494.486065
0.014895,-0.036701,-0.000954,1,-1,6832816.378223,15318920.699735
0.014895,-0.036701,-0.000954,1,0,-822409.025349,-38603637.852221
0.014895,-0.036701,-0.000954,1,1,5816140.521168,-16315851.174152
