geo_name,bunny,mode,8,k,291.268408,max_r,0.026161
source_x,source_y,source_z,n,m,re,im
-0.015727,0.004064,0.002927,0,0,54155374389.130661,58882249765.909523
-0.015727,0.004064,0.002927,1,-1,3447755118.363704,5553261914.037323
-0.015727,0.004064,0.002927,1,0,-1654028358.922512,-3811603096.601946
-0.015727,0.004064,0.002927,1,1,-51866896.283833,315485120.446530
0.010041,-0.012327,-0.001642,0,0,2874900033.877442,1200683759.939147
0.010041,-0.012327,-0.001642,1,-1,-200824919.070665,34291844.147795
0.010041,-0.012327,-0.001642,1,0,360380559.765781,894042538.546995
0.010041,-0.012327,-0.001642,1,1,-461203990.574815,-230176710.920625
-0.013271,-0.003548,-0.000162,0,0,-4811226154.414000,1259676726.278484
-0.013271,-0.003548,-0.000162,1,-1,498107832.462858,-2131087526.881988
-0.013271,-0.003548,-0.000162,1,0,1179241906.591429,982779908.159534
-0.013271,-0.003548,-0.000162,1,1,-1264897786.721704,528759202.053821
0.000481,0.001667,0.004248,0,0,-986167867.501259,602888216.354461
0.000481,0.001667,0.004248,1,-1,452475484.344363,-822874373.149493
0.000481,0.001667,0.004248,1,0,-250062314.730506,-1259507599.981215
0.000481,0.001667,0.004248,1,1,561675975.082840,326898658.968319
-0.003163,-0.007415,0.007935,0,0,-47908722315.818398,1232028519.988441
-0.003163,-0.007415,0.007935,1,-1,-4755990214.430662,-7193187067.583767
-0.003163,-0.007415,0.007935,1,0,11498179804.389980,3800605046.063381
-0.003163,-0.007415,0.007935,1,1,6138911300.392950,925135467.187147
0.009716,-0.006415,-0.002593,0,0,-3456485924.356296,4687625109.366820
0.009716,-0.006415,-0.002593,1,-1,-786530465.022001,-1852171059.224971
0.009716,-0.006415,-0.002593,1,0,436207790.271416,-863712074.913153
0.009716,-0.006415,-0.002593,1,1,484243716.490940,-263166985.149510
-0.014869,-0.004196,0.002187,0,0,-1298574657.568417,-2003201401.793405
-0.014869,-0.004196,0.002187,1,-1,246739706.167100,-406305995.798626
-0.014869,-0.004196,0.002187,1,0,-801214644.697342,-142885922.164448
-0.014869,-0.004196,0.002187,1,1,-311803435.065770,-770485278.648732
0.004767,0.001250,0.006869,0,0,34116083744.932755,5851771423.287983
0.004767,0.001250,0.006869,1,-1,-2727373301.108432,-1399383816.108323
0.004767,0.001250,0.006869,1,0,1930245997.004584,2381966536.693186
0.004767,0.001250,0.006869,1,1,2488453626.450698,582959209.574304
0.012030,-0.005192,0.006314,0,0,39960419864.649437,141677358843.673767
0.012030,-0.005192,0.006314,1,-1,9182799.938563,-1390084816.429911
0.012030,-0.005192,0.006314,1,0,2573698528.632989,15077326895.724590
0.012030,-0.005192,0.006314,1,1,842891360.953774,-1172484902.964719
0.001542,-0.011177,0.010817,0,0,727514700.805304,-564232989.467234
0.001542,-0.011177,0.010817,1,-1,837682249.146103,-770303173.784745
0.001542,-0.011177,0.010817,1,0,543405502.700102,-717806777.453015
0.001542,-0.011177,0.010817,1,1,-712230360.243142,704820944.669066
0.006867,0.001931,0.005311,0,0,-71351192854.221863,-13363310752.935505
0.006867,0.001931,0.005311,1,-1,2127484408.280723,553265758.414444
0.006867,0.001931,0.005311,1,0,8190082185.477710,-8033089989.673286
0.006867,0.001931,0.005311,1,1,-198452079.810932,1365308525.567117
0.000208,-0.014958,0.000916,0,0,-14161563600.399181,-10853338847.439316
0.000208,-0.014958,0.000916,1,-1,268546289.723149,-1317175243.907737
0.000208,-0.014958,0.000916,1,0,-937843087.161202,-826076675.883604
0.000208,-0.014958,0.000916,1,1,1138243821.834016,-22915037.261323
0.011068,-0.003094,0.006758,0,0,-4770023013.581426,12623237442.080770
0.011068,-0.003094,0.006758,1,-1,2063473487.761724,-704966207.803693
0.011068,-0.003094,0.006758,1,0,76628387.454491,-2256242738.661774
0.011068,-0.003094,0.006758,1,1,237098204.295511,239157493.252492
-0.014966,-0.004499,0.005297,0,0,-27142591006.476986,-40000425921.064133
-0.014966,-0.004499,0.005297,1,-1,229455567.407699,-1002490486.545734
-0.014966,-0.004499,0.005297,1,0,-1142248378.107389,-2385342361.387385
-0.014966,-0.004499,0.005297,1,1,-471126111.297806,-1331703336.100041
-0.004679,-0.004128,-0.002504,0,0,-6447610479.610613,-1918180296.580455
-0.004679,-0.004128,-0.002504,1,-1,989021674.182707,-723537067.643489
-0.004679,-0.004128,-0.002504,1,0,-129255233.178578,130034752.130624
-0.004679,-0.004128,-0.002504,1,1,-169348983.729864,-1458345350.210334
0.003092,-0.000442,-0.001602,0,0,18769394195.874596,22601885161.307289
0.003092,-0.000442,-0.001602,1,-1,302539383.127047,347350442.062980
0.003092,-0.000442,-0.001602,1,0,-2350498818.185630,-4962058563.162545
0.003092,-0.000442,-0.001602,1,1,450790573.700354,1475524244.568608
-0.010655,-0.007318,-0.001388,0,0,5437236531.659852,-2975606109.978424
-0.010655,-0.007318,-0.001388,1,-1,-617324371.706831,336755477.497494
-0.010655,-0.007318,-0.001388,1,0,601303893.471964,507876181.556688
-0.010655,-0.007318,-0.001388,1,1,342163447.230177,949194021.710726
0.011441,-0.002811,0.000514,0,0,-8690500745.724361,8836340871.212877
0.011441,-0.002811,0.000514,1,-1,1949398127.251266,-2515456910.317859
0.011441,-0.002811,0.000514,1,0,391247427.168484,-438099663.859831
0.011441,-0.002811,0.000514,1,1,295935684.296597,-399537214.310271
-0.013356,-0.007930,0.003789,0,0,3163800578.291965,-3815241470.298715
-0.013356,-0.007930,0.003789,1,-1,-393820635.623810,-125223866.780181
-0.013356,-0.007930,0.003789,1,0,454424366.686067,-383910443.463707
-0.013356,-0.007930,0.003789,1,1,-709473288.994226,-73413582.970346
0.003463,-0.014958,0.001479,0,0,-14558198855.766510,-1847029855.064027
0.003463,-0.014958,0.001479,1,-1,-173487557.026074,-40027364.540643
0.003463,-0.014958,0.001479,1,0,-255088906.714601,158279264.351001
0.003463,-0.014958,0.001479,1,1,-384008144.976967,-150667383.833679
0.000742,-0.008806,0.010959,0,0,708064926.796304,1732950024.056397
0.000742,-0.008806,0.010959,1,-1,128547442.176499,319058083.258268
0.000742,-0.008806,0.010959,1,0,-141424682.574686,226761828.692585
0.000742,-0.008806,0.010959,1,1,-387000589.656855,-746613407.778931
-0.002822,-0.008556,0.007744,0,0,72196101132.169327,-22339815730.535580
-0.002822,-0.008556,0.007744,1,-1,-11486116899.373276,3443723024.296626
-0.002822,-0.008556,0.007744,1,0,11161142517.635408,-750765105.643322
-0.002822,-0.008556,0.007744,1,1,1362398543.520524,-7846953339.310955
0.011240,-0.011020,0.007495,0,0,-5479226346.730513,2636885083.203336
0.011240,-0.011020,0.007495,1,-1,365390350.449192,213003514.274595
0.011240,-0.011020,0.007495,1,0,-344726157.605879,302131229.224420
0.011240,-0.011020,0.007495,1,1,-388694804.692882,240361198.872791
0.003966,-0.014826,-0.003673,0,0,-2196764116.777209,-3310857359.064773
0.003966,-0.014826,-0.003673,1,-1,-19885360.606203,-87870433.653818
0.003966,-0.014826,-0.003673,1,0,-364570743.153554,-457407791.943542
0.003966,-0.014826,-0.003673,1,1,146916297.209342,-190704893.151358
-0.014649,0.000055,0.004340,0,0,8989883132.397556,-6309156085.024651
-0.014649,0.000055,0.004340,1,-1,2772530977.515548,169233277.906482
-0.014649,0.000055,0.004340,1,0,-219732257.640046,629314816.152775
-0.014649,0.000055,0.004340,1,1,317361099.978110,938959765.373762
0.009342,0.000698,0.003314,0,0,-21587750779.089626,-6653060280.201027
0.009342,0.000698,0.003314,1,-1,1612724400.353199,1355113404.024293
0.009342,0.000698,0.003314,1,0,3061142641.034500,1284602612.848760
0.009342,0.000698,0.003314,1,1,-404176429.712989,1148392406.917913
0.006795,-0.005197,0.010407,0,0,-543798.714888,4147017541.023788
0.006795,-0.005197,0.010407,1,-1,460683162.734212,-140559646.139548
0.006795,-0.005197,0.010407,1,0,364322702.987455,247026173.337138
0.006795,-0.005197,0.010407,1,1,675781407.044923,-397764127.037535
-0.007574,-0.008044,0.008008,0,0,-24729031438.556202,-2356912963.892092
-0.007574,-0.008044,0.008008,1,-1,398558465.000257,-225078014.027229
-0.007574,-0.008044,0.008008,1,0,-1800342939.966588,131846256.118763
-0.007574,-0.008044,0.008008,1,1,-1299110109.816097,840164343.701779
0.008621,-0.015811,0.005670,0,0,-60723676.336173,1181884690.684466
0.008621,-0.015811,0.005670,1,-1,-811093820.520630,155682119.007296
0.008621,-0.015811,0.005670,1,0,139854750.373908,195713272.364820
0.008621,-0.015811,0.005670,1,1,347804633.829673,294329977.065949
0.012088,-0.011182,0.000790,0,0,-13176244280.422924,19882466628.964474
0.012088,-0.011182,0.000790,1,-1,59591440.598567,579149941.721051
0.012088,-0.011182,0.000790,1,0,-4396553485.957995,1521065708.550171
0.012088,-0.011182,0.000790,1,1,-2069825306.375608,2434542281.735381
-0.009349,-0.006188,0.008632,0,0,-3021233949.111306,5647711470.759947
-0.009349,-0.006188,0.008632,1,-1,-21726073.428483,343331487.564481
-0.009349,-0.006188,0.008632,1,0,887644762.524991,667785879.703881
-0.009349,-0.006188,0.008632,1,1,804485231.642568,-60438109.030737
0.004162,0.002187,0.005519,0,0,-22373767969.274788,-3490573413.618448
0.004162,0.002187,0.005519,1,-1,-1089539765.191360,-2261417979.854730
0.004162,0.002187,0.005519,1,0,3025894522.872231,1107564568.133017
0.004162,0.002187,0.005519,1,1,1373743358.198633,694451530.211246
-0.006826,-0.003807,0.008097,0,0,-37689536157.849831,11947760511.150333
-0.006826,-0.003807,0.008097,1,-1,4246677841.671088,-4316734363.214454
-0.006826,-0.003807,0.008097,1,0,-719370465.997695,4234934683.650442
-0.006826,-0.003807,0.008097,1,1,-205033333.712007,6416116960.915333
0.010868,-0.003924,-0.000892,0,0,-5545620460.795602,6594685156.707294
0.010868,-0.003924,-0.000892,1,-1,419093673.484803,-3422884402.820950
0.010868,-0.003924,-0.000892,1,0,-8015428.057866,-908273395.834010
0.010868,-0.003924,-0.000892,1,1,669681686.678885,678103644.182389
-0.013931,-0.003600,0.000483,0,0,8389316492.123095,-13982185944.194742
-0.013931,-0.003600,0.000483,1,-1,-1347474228.902986,-145370812.331129
-0.013931,-0.003600,0.000483,1,0,-2034130136.327045,-586182105.226314
-0.013931,-0.003600,0.000483,1,1,280756157.916403,84964429.161504
0.006953,-0.004236,-0.002831,0,0,-6075368304.488070,-4137218205.406905
0.006953,-0.004236,-0.002831,1,-1,258606817.895111,-377866549.270873
0.006953,-0.004236,-0.002831,1,0,1371835855.587762,-879285089.806036
0.006953,-0.004236,-0.002831,1,1,269275.558997,-1188392741.657874
-0.000428,0.001185,0.004697,0,0,11374527003.590092,-104105628550.198990
-0.000428,0.001185,0.004697,1,-1,1670390617.737904,-1090603073.161423
-0.000428,0.001185,0.004697,1,0,-892371244.186560,7775778063.626702
-0.000428,0.001185,0.004697,1,1,-296908899.551376,-180251654.821133
0.003072,-0.004325,0.009666,0,0,-2451331601.664763,-3094261972.912939
0.003072,-0.004325,0.009666,1,-1,365672979.354716,-377296750.174084
0.003072,-0.004325,0.009666,1,0,255607697.711809,832137744.530027
0.003072,-0.004325,0.009666,1,1,391791848.230825,42678934.260600
-0.015952,0.003343,0.009122,0,0,-1464001334.169018,-5135271468.671782
-0.015952,0.003343,0.009122,1,-1,-264735583.894679,-57512642.263893
-0.015952,0.003343,0.009122,1,0,485573151.152568,-332151792.016721
-0.015952,0.003343,0.009122,1,1,-310820276.734269,-146086566.360036
0.004603,-0.015373,0.003806,0,0,-36389934485.251450,22913514947.460487
0.004603,-0.015373,0.003806,1,-1,1034465218.966061,-1664828580.757306
0.004603,-0.015373,0.003806,1,0,-10643363732.488873,2043572747.212014
0.004603,-0.015373,0.003806,1,1,395673568.844901,-587166634.969027
-0.006545,-0.007726,-0.001400,0,0,-5170484532.996568,-915052899.059105
-0.006545,-0.007726,-0.001400,1,-1,-810862141.398878,-918877567.228489
-0.006545,-0.007726,-0.001400,1,0,192933146.640456,151720231.373833
-0.006545,-0.007726,-0.001400,1,1,1234888356.300686,-418913003.695428
0.004476,-0.015330,0.003707,0,0,-2033938392.320015,-28864333600.873245
0.004476,-0.015330,0.003707,1,-1,-1701514900.125019,1873503625.326743
0.004476,-0.015330,0.003707,1,0,8098327751.153397,-2561757022.728185
0.004476,-0.015330,0.003707,1,1,-411351898.793984,340726064.020106
0.012560,-0.008376,0.001104,0,0,9698317346.620623,-12101044320.114697
0.012560,-0.008376,0.001104,1,-1,-831689549.960715,1327670078.559363
0.012560,-0.008376,0.001104,1,0,-1390337861.247685,18718926.841565
0.012560,-0.008376,0.001104,1,1,1416631391.453235,-1328021271.222168
0.008709,-0.000006,-0.000030,0,0,63132885495.413574,8757201732.419952
0.008709,-0.000006,-0.000030,1,-1,-38121540.689748,318376020.825117
0.008709,-0.000006,-0.000030,1,0,-4505974363.289718,-679588699.025427
0.008709,-0.000006,-0.000030,1,1,1063311738.177942,-1123359528.205484
0.012449,-0.003958,0.002837,0,0,6083730263.423531,4203295390.596605
0.012449,-0.003958,0.002837,1,-1,-510889728.084714,-871944128.737027
0.012449,-0.003958,0.002837,1,0,-221037734.065569,23844591.408648
0.012449,-0.003958,0.002837,1,1,785930851.001806,258424600.275033
-0.005455,-0.011983,0.000276,0,0,381147431.872982,-5845492797.340523
-0.005455,-0.011983,0.000276,1,-1,1881066968.620968,1158565773.509744
-0.005455,-0.011983,0.000276,1,0,769843238.125921,-130039501.365532
-0.005455,-0.011983,0.000276,1,1,-50123062.972512,471090380.507286
0.000023,-0.015003,0.005285,0,0,-71223439635.770370,32237627492.083973
0.000023,-0.015003,0.005285,1,-1,1864442585.582522,-4019974999.138911
0.000023,-0.015003,0.005285,1,0,-6603598259.449747,40037209.508283
0.000023,-0.015003,0.005285,1,1,2073577941.035136,-1920065643.832688
-0.015252,-0.003519,0.003701,0,0,-3283056612.965394,3321427933.058608
-0.015252,-0.003519,0.003701,1,-1,-175289730.957900,-482430882.007710
-0.015252,-0.003519,0.003701,1,0,-177049054.451200,-103459345.748545
-0.015252,-0.003519,0.003701,1,1,430121235.661112,-926897017.400517
-0.000232,0.000376,-0.000325,0,0,-2083323802.407560,6277186853.636282
-0.000232,0.000376,-0.000325,1,-1,-46029344.017136,-249875018.362425
-0.000232,0.000376,-0.000325,1,0,1083971344.265846,779709623.575736
-0.000232,0.000376,-0.000325,1,1,1128506374.793115,-827154990.965720
0.006339,0.002105,0.005336,0,0,41050558264.978065,170762022133.742218
0.006339,0.002105,0.005336,1,-1,-3399567470.194193,1258681905.422868
0.006339,0.002105,0.005336,1,0,-7314810291.936665,-6813165245.958759
0.006339,0.002105,0.005336,1,1,2061615657.695055,-3521785629.556545
-0.010978,-0.009063,0.000741,0,0,102372637951.381058,92775353040.297348
-0.010978,-0.009063,0.000741,1,-1,10921954.914524,167876857.394525
-0.010978,-0.009063,0.000741,1,0,7193082823.450320,4438296480.852190
-0.010978,-0.009063,0.000741,1,1,-361447412.729387,-232632757.558267
-0.000008,-0.003635,-0.003027,0,0,-8066550221.097406,-8557834342.592413
-0.000008,-0.003635,-0.003027,1,-1,-2410650397.582624,-4007984408.014246
-0.000008,-0.003635,-0.003027,1,0,-189073896.809017,2948085300.973867
-0.000008,-0.003635,-0.003027,1,1,3101260633.376152,2423654065.270220
-0.014186,-0.004532,0.000611,0,0,-7083351178.590990,11890521660.262644
-0.014186,-0.004532,0.000611,1,-1,71286846.325729,495476904.316375
-0.014186,-0.004532,0.000611,1,0,-370621146.596791,1010198084.571087
-0.014186,-0.004532,0.000611,1,1,-725856341.380300,-681512111.200801
-0.010070,-0.009132,0.000379,0,0,-11375531046.447685,-23658649020.567547
-0.010070,-0.009132,0.000379,1,-1,621671480.891526,16703799.176788
-0.010070,-0.009132,0.000379,1,0,-909784858.557600,-1739772498.015250
-0.010070,-0.009132,0.000379,1,1,-161045286.977816,-809105.953332
-0.000965,-0.015018,0.002810,0,0,33433482311.423523,99078336.353657
-0.000965,-0.015018,0.002810,1,-1,991519134.631199,1221558137.261970
-0.000965,-0.015018,0.002810,1,0,3919241413.855915,180893268.093299
-0.000965,-0.015018,0.002810,1,1,-1043907986.934016,791686067.815455
-0.000672,-0.000138,-0.000949,0,0,5043139898.208516,-5102880981.096308
-0.000672,-0.000138,-0.000949,1,-1,1951034034.554351,-2114340402.068341
-0.000672,-0.000138,-0.000949,1,0,-1710332664.595613,-1970898008.330922
-0.000672,-0.000138,-0.000949,1,1,-594997049.312588,1778718898.154830
-0.000028,-0.009409,-0.006183,0,0,3428053159.043933,8513080002.414517
-0.000028,-0.009409,-0.006183,1,-1,-938179372.592295,-231166805.698869
-0.000028,-0.009409,-0.006183,1,0,621030153.426364,1045867660.767066
-0.000028,-0.009409,-0.006183,1,1,603388518.026976,540973699.121786
-0.014328,-0.000383,0.005210,0,0,-3437704270.425384,6103972767.080463
-0.014328,-0.000383,0.005210,1,-1,649062669.678140,110755334.555049
-0.014328,-0.000383,0.005210,1,0,-1248504431.602687,541972326.728819
-0.014328,-0.000383,0.005210,1,1,-1118956193.210406,1677651063.201073
0.007155,0.000722,-0.000282,0,0,24067496186.154198,26192324907.280918
0.007155,0.000722,-0.000282,1,-1,357016985.875021,1403508080.553172
0.007155,0.000722,-0.000282,1,0,-1230790250.831302,-2592706790.055675
0.007155,0.000722,-0.000282,1,1,1756126240.422366,-186251591.165368
-0.007178,-0.001819,0.007505,0,0,-1865302371.185883,-6709123719.103916
-0.007178,-0.001819,0.007505,1,-1,-1002050684.223304,-614911460.985694
-0.007178,-0.001819,0.007505,1,0,-1686073368.346743,2715227115.300583
-0.007178,-0.001819,0.007505,1,1,552160754.731238,-473211186.153135
-0.011403,-0.008563,0.000475,0,0,-52585128016.060440,-42448899980.209030
-0.011403,-0.008563,0.000475,1,-1,9279357.345608,-60368499.171440
-0.011403,-0.008563,0.000475,1,0,-3745243328.781561,452988922.467833
-0.011403,-0.008563,0.000475,1,1,633625891.281330,292891443.120905
0.010175,-0.006774,0.008795,0,0,6071981968.335344,2581479976.102658
0.010175,-0.006774,0.008795,1,-1,-130254185.995234,-601301651.430078
0.010175,-0.006774,0.008795,1,0,893592258.467802,165175894.785203
0.010175,-0.006774,0.008795,1,1,1229457439.616415,-1428434673.015850
0.011898,-0.004575,0.006352,0,0,-44762202452.974266,-191577680838.521637
0.011898,-0.004575,0.006352,1,-1,-765535113.410442,-977267819.922070
0.011898,-0.004575,0.006352,1,0,1530062652.354109,8461349078.651666
0.011898,-0.004575,0.006352,1,1,-276808694.430177,2479596897.990510
-0.003593,-0.005146,0.008352,0,0,-17473215376.402443,-3995303257.918490
-0.003593,-0.005146,0.008352,1,-1,-1397048713.771696,-844798961.928859
-0.003593,-0.005146,0.008352,1,0,1392976946.402048,-98137851.431404
-0.003593,-0.005146,0.008352,1,1,1232786634.724922,1810373736.670702
0.001213,-0.013538,0.009879,0,0,11718978663.612047,-12259769466.243589
0.001213,-0.013538,0.009879,1,-1,-462299367.014626,-1384841955.474828
0.001213,-0.013538,0.009879,1,0,1088401013.966417,-1282536033.557542
0.001213,-0.013538,0.009879,1,1,-1106338978.749096,-610958246.619099
0.011332,-0.014904,0.001465,0,0,-1414872677.473600,1617036558.170058
0.011332,-0.014904,0.001465,1,-1,336538035.628390,-70922204.751760
0.011332,-0.014904,0.001465,1,0,-147927090.475449,384262400.329646
0.011332,-0.014904,0.001465,1,1,-296486241.802205,56569247.680009
0.008827,-0.000448,-0.000329,0,0,-46808062734.235504,-5058203683.103374
0.008827,-0.000448,-0.000329,1,-1,184093243.096788,174161492.713850
0.008827,-0.000448,-0.000329,1,0,-1562794918.022013,-328978065.100607
0.008827,-0.000448,-0.000329,1,1,-11064068.414704,658610516.007503
-0.008346,-0.001712,-0.001641,0,0,-1738109448.506087,-2322473551.438457
-0.008346,-0.001712,-0.001641,1,-1,364369244.093309,-397193293.158048
-0.008346,-0.001712,-0.001641,1,0,-168102762.586974,169970525.080330
-0.008346,-0.001712,-0.001641,1,1,141536064.273979,-109191255.654565
-0.007060,-0.003896,0.008151,0,0,36138397702.764198,-9327594104.950569
-0.007060,-0.003896,0.008151,1,-1,-4080792018.085767,3519159372.625463
-0.007060,-0.003896,0.008151,1,0,373428291.102733,-2896873151.234603
-0.007060,-0.003896,0.008151,1,1,297844287.190110,-6833331511.449895
-0.011967,0.007215,0.001866,0,0,4858821139.461419,-3701216576.431694
-0.011967,0.007215,0.001866,1,-1,371813737.799595,205009499.814471
-0.011967,0.007215,0.001866,1,0,261913986.066436,991192467.896259
-0.011967,0.007215,0.001866,1,1,-986717805.397753,-455498801.207293
-0.014522,0.001556,0.006173,0,0,-13957891184.447214,7224845776.559835
-0.014522,0.001556,0.006173,1,-1,-1169667880.330363,1233677197.165771
-0.014522,0.001556,0.006173,1,0,-2462287456.436411,1674510068.459593
-0.014522,0.001556,0.006173,1,1,964318329.876068,652938843.413626
-0.004058,-0.000108,-0.000737,0,0,3746294248.401735,-5407205946.457475
-0.004058,-0.000108,-0.000737,1,-1,1293201679.395721,515688055.240080
-0.004058,-0.000108,-0.000737,1,0,-418397686.993818,441969455.857412
-0.004058,-0.000108,-0.000737,1,1,-542666204.714579,405342091.442505
-0.004443,-0.015800,0.004696,0,0,10641071083.714712,9971511668.332664
-0.004443,-0.015800,0.004696,1,-1,650437168.750953,594428788.047808
-0.004443,-0.015800,0.004696,1,0,1318561109.969905,964586365.539684
-0.004443,-0.015800,0.004696,1,1,1684946.257115,395530569.573771
0.008700,-0.014228,-0.001607,0,0,-924905827.837452,3307193747.430138
0.008700,-0.014228,-0.001607,1,-1,95992513.891789,116833938.919095
0.008700,-0.014228,-0.001607,1,0,20377195.804698,948023465.252447
0.008700,-0.014228,-0.001607,1,1,-354840577.890593,71281902.361088
0.008835,-0.003795,0.009101,0,0,9197658390.395981,18563685429.003586
0.008835,-0.003795,0.009101,1,-1,545456826.161488,78412464.646747
0.008835,-0.003795,0.009101,1,0,-554691837.994400,656819583.512282
0.008835,-0.003795,0.009101,1,1,867263768.291927,-571075578.619720
-0.010276,0.000155,-0.000194,0,0,-589021153.925618,3976784072.435049
-0.010276,0.000155,-0.000194,1,-1,1266919310.254196,2540114862.749628
-0.010276,0.000155,-0.000194,1,0,456654206.880076,581775883.649840
-0.010276,0.000155,-0.000194,1,1,-949643942.562991,1703204134.212574
-0.005859,-0.000540,0.006452,0,0,7874318318.920553,-11396245570.686529
-0.005859,-0.000540,0.006452,1,-1,2472204995.565479,-1403607525.015285
-0.005859,-0.000540,0.006452,1,0,-672662649.009703,-290721800.892755
-0.005859,-0.000540,0.006452,1,1,-172596116.657299,-958482348.117122
-0.009185,0.003163,0.002734,0,0,-3890200884.920540,-6327179892.112543
-0.009185,0.003163,0.002734,1,-1,847029170.307303,501188892.157663
-0.009185,0.003163,0.002734,1,0,-41599075.251506,-56022588.773713
-0.009185,0.003163,0.002734,1,1,969149267.434187,-529310627.167412
0.005227,-0.000423,0.007803,0,0,-56685135032.130150,-13443058116.656387
0.005227,-0.000423,0.007803,1,-1,-3058638582.051500,872870583.124056
0.005227,-0.000423,0.007803,1,0,5138945544.667946,815084467.410180
0.005227,-0.000423,0.007803,1,1,1580259568.259879,3189638415.127901
-0.007506,-0.010536,0.000157,0,0,-2206747652.584725,5521405482.893223
-0.007506,-0.010536,0.000157,1,-1,-1127983904.620213,-467826551.556577
-0.007506,-0.010536,0.000157,1,0,2480755956.215926,685874264.274994
-0.007506,-0.010536,0.000157,1,1,35638319.297863,1302815405.587282
0.010395,-0.009039,-0.002024,0,0,-3052306890.414781,-2294937496.724322
0.010395,-0.009039,-0.002024,1,-1,-14972389.273236,-794598027.494711
0.010395,-0.009039,-0.002024,1,0,631793916.094767,38766144.558696
0.010395,-0.009039,-0.002024,1,1,307841365.603950,-1121391234.698205
-0.007234,-0.011933,0.000618,0,0,15635361566.623203,1073119132.482405
-0.007234,-0.011933,0.000618,1,-1,845583416.555012,-19848808.203214
-0.007234,-0.011933,0.000618,1,0,1671157712.728817,-253420941.425785
-0.007234,-0.011933,0.000618,1,1,-672785285.394932,-908640902.298148
-0.000145,-0.015011,0.004723,0,0,20993154366.422867,-20552300505.118027
-0.000145,-0.015011,0.004723,1,-1,873355359.046210,1795110368.260947
-0.000145,-0.015011,0.004723,1,0,3498907041.863047,2328547777.700419
-0.000145,-0.015011,0.004723,1,1,-763267367.539971,2282919330.530835
-0.009014,-0.001420,0.007212,0,0,7394752341.949622,118807356539.512924
-0.009014,-0.001420,0.007212,1,-1,-307308992.354960,1932847761.011725
-0.009014,-0.001420,0.007212,1,0,-4018946765.669379,-5238645544.550148
-0.009014,-0.001420,0.007212,1,1,-487746881.195846,-2045438289.215828
0.002048,-0.014958,0.003054,0,0,-93330388578.540726,19741590264.189297
0.002048,-0.014958,0.003054,1,-1,2655416038.344040,89410666.929473
0.002048,-0.014958,0.003054,1,0,-5977710445.039386,4248996910.021008
0.002048,-0.014958,0.003054,1,1,-1223130111.177423,-3801765257.095226
0.005195,-0.005756,-0.004739,0,0,-710946730.993338,480946543.214721
0.005195,-0.005756,-0.004739,1,-1,910532349.706323,213035014.399266
0.005195,-0.005756,-0.004739,1,0,-548068203.554982,37494123.072813
0.005195,-0.005756,-0.004739,1,1,-573378294.999243,-27317655.779174
0.004528,-0.002044,0.008385,0,0,31757172201.003437,13507056779.277142
0.004528,-0.002044,0.008385,1,-1,-5836403901.002295,-1633048043.698608
0.004528,-0.002044,0.008385,1,0,-2556181853.932747,-3295849060.654771
0.004528,-0.002044,0.008385,1,1,3603677499.697150,-3052017410.305256
-0.003698,-0.015422,0.005187,0,0,-32325566770.201824,10096843142.580793
-0.003698,-0.015422,0.005187,1,-1,-312870048.619461,-241592241.304542
-0.003698,-0.015422,0.005187,1,0,-1543678745.361191,917990915.420830
-0.003698,-0.015422,0.005187,1,1,448737710.144354,324710732.245186
0.009476,-0.001396,0.007262,0,0,-23514129962.323837,72630695265.064285
0.009476,-0.001396,0.007262,1,-1,1840808223.041789,-2775387884.999447
0.009476,-0.001396,0.007262,1,0,-572410422.432720,-4890114027.063169
0.009476,-0.001396,0.007262,1,1,-1356269620.586228,2294209429.965778
-0.001724,-0.007999,-0.004107,0,0,6912935860.969065,-752685593.609179
-0.001724,-0.007999,-0.004107,1,-1,2066131788.780524,-349021559.163979
-0.001724,-0.007999,-0.004107,1,0,862563604.678369,791023267.007251
-0.001724,-0.007999,-0.004107,1,1,-4683081633.981442,-2773476945.965393
0.000460,-0.014751,0.008601,0,0,-5677440463.720997,2557593450.774812
0.000460,-0.014751,0.008601,1,-1,361587493.506111,-5681173.562071
0.000460,-0.014751,0.008601,1,0,-106605435.441770,214197806.448508
0.000460,-0.014751,0.008601,1,1,691094174.417037,363828578.160341
0.011814,-0.011089,0.000232,0,0,5785128327.046167,-23401780589.511517
0.011814,-0.011089,0.000232,1,-1,1115040695.095557,499530803.609580
0.011814,-0.011089,0.000232,1,0,3707759374.412425,-1653389135.598792
0.011814,-0.011089,0.000232,1,1,993464667.052052,-2166619658.845063
-0.005139,-0.005905,0.008246,0,0,-7827149328.860152,-4502218972.423635
-0.005139,-0.005905,0.008246,1,-1,1444716274.606470,-661713705.269169
-0.005139,-0.005905,0.008246,1,0,1415635370.759383,794851581.040935
-0.005139,-0.005905,0.008246,1,1,-2205073985.992911,533855366.501843
-0.009355,0.001040,0.005826,0,0,2929119741.809328,11834826849.529051
-0.009355,0.001040,0.005826,1,-1,-224462751.872657,1137430867.563925
-0.009355,0.001040,0.005826,1,0,-1700390667.207335,-1556433192.884801
-0.009355,0.001040,0.005826,1,1,1337006843.218474,-346637318.692487
-0.004155,0.001192,0.003516,0,0,-17017123382.165501,-7155953592.114242
-0.004155,0.001192,0.003516,1,-1,1672210674.745566,1080734131.577063
-0.004155,0.001192,0.003516,1,0,1485655879.077747,-537105078.078465
-0.004155,0.001192,0.003516,1,1,257943427.072380,-231852533.392851
-0.011871,-0.005684,0.008318,0,0,1369017089.524137,1634743557.974711
-0.011871,-0.005684,0.008318,1,-1,124745723.435874,3463588.091595
-0.011871,-0.005684,0.008318,1,0,17647523.685743,225514813.287823
-0.011871,-0.005684,0.008318,1,1,209013239.036623,-88582942.905146
0.004878,-0.000649,-0.001804,0,0,-25017553540.657448,-91506492882.498550
0.004878,-0.000649,-0.001804,1,-1,-85886836.895067,869767940.052306
0.004878,-0.000649,-0.001804,1,0,875137799.502534,-2236836087.884088
0.004878,-0.000649,-0.001804,1,1,821931131.395764,-1150098568.290762
-0.006822,-0.015959,0.001304,0,0,-122997022.682307,244477418.949669
-0.006822,-0.015959,0.001304,1,-1,8499124.449928,-21607414.945430
-0.006822,-0.015959,0.001304,1,0,82612037.693569,2028905.543677
-0.006822,-0.015959,0.001304,1,1,10131720.934701,41980113.451580
-0.013785,-0.006395,0.006356,0,0,-7995021503.459295,-9338405412.138874
-0.013785,-0.006395,0.006356,1,-1,370021200.813172,-356658191.100467
-0.013785,-0.006395,0.006356,1,0,-300617153.724990,-1186398632.436531
-0.013785,-0.006395,0.006356,1,1,171730257.805276,-238491111.702582
-0.007076,0.000967,0.004947,0,0,8009107113.694497,-11053836140.709343
-0.007076,0.000967,0.004947,1,-1,645756938.750543,247621676.949656
-0.007076,0.000967,0.004947,1,0,-491162685.889885,2385456561.135567
-0.007076,0.000967,0.004947,1,1,-638391238.815824,-799062907.821723
-0.012100,-0.005022,-0.001066,0,0,-2080502917.027071,2180130487.955489
-0.012100,-0.005022,-0.001066,1,-1,-1210953688.208093,-1066463044.514448
-0.012100,-0.005022,-0.001066,1,0,-221640893.604153,429111190.573560
-0.012100,-0.005022,-0.001066,1,1,468343128.991996,510138847.179536
-0.008602,-0.001787,0.007465,0,0,-4804546532.382997,-75451179732.866150
-0.008602,-0.001787,0.007465,1,-1,58990774.942053,-1072079234.193928
-0.008602,-0.001787,0.007465,1,0,3799436700.135747,-3338664631.074545
-0.008602,-0.001787,0.007465,1,1,-1119461380.276440,321979467.066100
0.002656,-0.002456,0.008569,0,0,3283102615.818248,-2602404971.634068
0.002656,-0.002456,0.008569,1,-1,-207042982.915467,-1937443665.894387
0.002656,-0.002456,0.008569,1,0,-828242109.307417,-160903916.406065
0.002656,-0.002456,0.008569,1,1,232663876.660903,-567457141.534450
0.003768,-0.015073,0.004719,0,0,98052621075.073151,-611185219.024717
0.003768,-0.015073,0.004719,1,-1,1701019706.967325,-1037906135.656139
0.003768,-0.015073,0.004719,1,0,8617311281.720505,250339811.644111
0.003768,-0.015073,0.004719,1,1,-531865560.444120,-1899597036.353249
-0.004270,-0.010260,0.007378,0,0,-49369318879.397903,11972316138.905186
-0.004270,-0.010260,0.007378,1,-1,457019814.318507,2548727864.210340
-0.004270,-0.010260,0.007378,1,0,-446875360.064037,-451027272.363667
-0.004270,-0.010260,0.007378,1,1,5404997.988339,3825126331.818143
0.009522,0.000523,0.004318,0,0,6316030933.530901,20146564282.462063
0.009522,0.000523,0.004318,1,-1,-74788847.234868,1274236724.578420
0.009522,0.000523,0.004318,1,0,-2570002363.535173,-1274173177.794722
0.009522,0.000523,0.004318,1,1,275984697.834183,300592344.105546
0.014428,-0.013615,0.005256,0,0,-284726610.626836,816906670.804590
0.014428,-0.013615,0.005256,1,-1,30194348.940655,23213866.746566
0.014428,-0.013615,0.005256,1,0,17816414.259070,132029161.149514
0.014428,-0.013615,0.005256,1,1,47246188.116727,90767002.437685
0.004904,0.000150,-0.001328,0,0,31410105196.771168,103981417949.284760
0.004904,0.000150,-0.001328,1,-1,1063244501.843055,-304950400.518733
0.004904,0.000150,-0.001328,1,0,-2819321110.681306,-9373659205.518200
0.004904,0.000150,-0.001328,1,1,-116983538.196912,2062790576.166846
-0.009852,-0.003017,0.008125,0,0,3357290166.807896,-18616071807.664402
-0.009852,-0.003017,0.008125,1,-1,-645380846.394982,753540699.635488
-0.009852,-0.003017,0.008125,1,0,-267427934.641938,-1089726920.959618
-0.009852,-0.003017,0.008125,1,1,-1687989390.933527,-411415739.354127
-0.008240,-0.007645,0.008111,0,0,32675117802.059166,4710907045.433861
-0.008240,-0.007645,0.008111,1,-1,646521570.208868,-188029278.578637
-0.008240,-0.007645,0.008111,1,0,1888610145.314625,657902796.733549
-0.008240,-0.007645,0.008111,1,1,954377286.603789,-563543011.321102
-0.009628,-0.006934,-0.001726,0,0,1261788889.746346,3388422156.514555
-0.009628,-0.006934,-0.001726,1,-1,-932767075.481883,715946726.223292
-0.009628,-0.006934,-0.001726,1,0,-1303113822.314467,-1212489936.237153
-0.009628,-0.006934,-0.001726,1,1,-328496491.116883,855944824.930186
0.008519,-0.002278,0.008154,0,0,-39741898772.404953,26174381885.643944
0.008519,-0.002278,0.008154,1,-1,1741183600.088235,-37380784.244099
0.008519,-0.002278,0.008154,1,0,-1564427927.787918,7836258968.685634
0.008519,-0.002278,0.008154,1,1,-711615573.671030,2081813671.151999
-0.010001,-0.010052,0.003770,0,0,1836410612.031595,3299709865.664552
-0.010001,-0.010052,0.003770,1,-1,230988279.105904,296155581.320996
-0.010001,-0.010052,0.003770,1,0,287275425.463051,536962108.770424
-0.010001,-0.010052,0.003770,1,1,-9666370.623663,-142910595.204308
-0.006377,-0.012313,0.003411,0,0,-13732822834.200827,3382594814.028826
-0.006377,-0.012313,0.003411,1,-1,-1230110030.577457,-248687657.980586
-0.006377,-0.012313,0.003411,1,0,-1940849933.701144,527272619.705652
-0.006377,-0.012313,0.003411,1,1,1706894961.960953,-1011365062.527678
-0.004649,-0.015851,0.004152,0,0,4876328748.953856,-12296475916.074064
-0.004649,-0.015851,0.004152,1,-1,134825073.549095,152329488.883088
-0.004649,-0.015851,0.004152,1,0,-238889795.943264,-1206057573.686332
-0.004649,-0.015851,0.004152,1,1,-183443883.772607,512921456.637977
-0.011006,-0.003830,0.008304,0,0,1154058954.854158,3805127468.619637
-0.011006,-0.003830,0.008304,1,-1,80559149.042888,-645413659.521376
-0.011006,-0.003830,0.008304,1,0,137518617.609798,532509756.936959
-0.011006,-0.003830,0.008304,1,1,1017567649.720791,191176423.296134
-0.009193,-0.009331,0.006351,0,0,-1638491101.473691,-2562754071.025043
-0.009193,-0.009331,0.006351,1,-1,-113382884.611040,-123193230.381307
-0.009193,-0.009331,0.006351,1,0,31199886.007251,-511119810.635653
-0.009193,-0.009331,0.006351,1,1,99305513.611667,127236448.111296
0.006802,0.001638,0.006048,0,0,50531981679.081421,-38384938560.991455
0.006802,0.001638,0.006048,1,-1,169642040.227277,4158499.553068
0.006802,0.001638,0.006048,1,0,1143852942.036476,-781656709.157392
0.006802,0.001638,0.006048,1,1,-350746926.771867,-857329720.825146
-0.013281,0.008712,0.005540,0,0,5247267606.512579,-739174370.577911
-0.013281,0.008712,0.005540,1,-1,-795860405.498941,-74485972.930577
-0.013281,0.008712,0.005540,1,0,-407655824.089024,-392948.924162
-0.013281,0.008712,0.005540,1,1,979654807.815548,-115953189.255183
-0.012435,0.005373,0.007135,0,0,5769378590.772828,-1628856800.338539
-0.012435,0.005373,0.007135,1,-1,-866348414.186492,-286620191.779124
-0.012435,0.005373,0.007135,1,0,-621428695.705977,153337910.638257
-0.012435,0.005373,0.007135,1,1,401393940.107454,-528769588.116594
-0.009063,-0.007064,-0.001613,0,0,116232653.331199,-90546354.538762
-0.009063,-0.007064,-0.001613,1,-1,31417849.043403,-1189896072.222672
-0.009063,-0.007064,-0.001613,1,0,1046598482.724285,669897485.648906
-0.009063,-0.007064,-0.001613,1,1,662855389.421882,-143190568.718605
-0.001510,-0.012648,0.007147,0,0,-56899750683.548798,31884282161.227547
-0.001510,-0.012648,0.007147,1,-1,639513652.888418,7007819677.824636
-0.001510,-0.012648,0.007147,1,0,2654723437.062970,-534547755.402699
-0.001510,-0.012648,0.007147,1,1,3602639210.571710,2980441094.470805
-0.015583,0.008015,0.005117,0,0,-14247160458.901398,15094042522.847679
-0.015583,0.008015,0.005117,1,-1,-962162924.025161,229919503.266165
-0.015583,0.008015,0.005117,1,0,1766012767.971421,-1962615668.838193
-0.015583,0.008015,0.005117,1,1,280567074.259720,-1477803040.909570
0.005813,0.002144,0.005616,0,0,-101520685575.464325,44049992332.601601
0.005813,0.002144,0.005616,1,-1,1934380178.967653,1604052799.351830
0.005813,0.002144,0.005616,1,0,16680103332.943686,-2751411689.771986
0.005813,0.002144,0.005616,1,1,-2715219765.699600,3610921996.052956
0.002941,-0.007430,0.011871,0,0,-109826000.375532,1143647356.072815
0.002941,-0.007430,0.011871,1,-1,97171258.299999,-296581256.971273
0.002941,-0.007430,0.011871,1,0,589271685.785514,409480968.975884
0.002941,-0.007430,0.011871,1,1,455468666.587233,-395209085.028532
0.001908,-0.001655,-0.002367,0,0,-236933559.387100,-21947070649.781712
0.001908,-0.001655,-0.002367,1,-1,525658992.408608,-18645397.249468
0.001908,-0.001655,-0.002367,1,0,-1863306525.718985,-2032270874.649570
0.001908,-0.001655,-0.002367,1,1,1719716189.866985,1701801917.599079
0.003830,-0.014791,0.008504,0,0,-902672943.207919,8267825596.191216
0.003830,-0.014791,0.008504,1,-1,258005350.069722,-314029563.710592
0.003830,-0.014791,0.008504,1,0,972403989.483775,1617748874.087384
0.003830,-0.014791,0.008504,1,1,587032995.360569,88941294.700512
0.012625,-0.006463,0.005164,0,0,2471896281.105771,10159781186.810083
0.012625,-0.006463,0.005164,1,-1,-1508067262.542562,-766712619.874031
0.012625,-0.006463,0.005164,1,0,-848928625.944709,339266382.737772
0.012625,-0.006463,0.005164,1,1,-684400215.847932,445496564.885362
-0.015476,0.002010,0.003645,0,0,3772384891.850072,-12023874410.888718
-0.015476,0.002010,0.003645,1,-1,979841453.505588,73872061.782681
-0.015476,0.002010,0.003645,1,0,-1730792780.250942,-1218455209.008248
-0.015476,0.002010,0.003645,1,1,-854523150.114528,55188738.127409
0.001514,-0.014006,-0.004644,0,0,-991446851.310906,666087080.824684
0.001514,-0.014006,-0.004644,1,-1,-290918405.435212,-114493138.219432
0.001514,-0.014006,-0.004644,1,0,-78580675.047454,15913488.979143
0.001514,-0.014006,-0.004644,1,1,62254006.142157,-88644506.557089
0.007549,0.001850,0.003304,0,0,-34076466335.655052,-33877275244.961384
0.007549,0.001850,0.003304,1,-1,-7607052505.218681,6298398246.125478
0.007549,0.001850,0.003304,1,0,-9778213985.709627,3040357342.700154
0.007549,0.001850,0.003304,1,1,940037059.609294,-7602592636.260624
-0.001935,-0.004147,-0.003022,0,0,-11404027885.584101,-2294688355.858610
-0.001935,-0.004147,-0.003022,1,-1,767151081.670381,-35023496.649460
-0.001935,-0.004147,-0.003022,1,0,851835101.628495,-427309787.115051
-0.001935,-0.004147,-0.003022,1,1,94642144.911448,-1818009247.506431
-0.008544,-0.005750,0.008616,0,0,-13202156063.330296,-3824448490.146177
-0.008544,-0.005750,0.008616,1,-1,167873409.599700,1253729685.974761
-0.008544,-0.005750,0.008616,1,0,-100587805.563268,-289995430.821836
-0.008544,-0.005750,0.008616,1,1,209893676.931531,783342627.359100
0.002766,-0.014960,0.005206,0,0,-14481043094.150810,-27107256932.582096
0.002766,-0.014960,0.005206,1,-1,-1941713397.883582,1116322590.390460
0.002766,-0.014960,0.005206,1,0,1089854575.162115,-2851687013.102910
0.002766,-0.014960,0.005206,1,1,877044390.310381,942174149.972143
0.006974,0.000621,-0.000524,0,0,-26095652978.540855,-37444069724.268867
0.006974,0.000621,-0.000524,1,-1,-11595097.837947,-1604210620.136691
0.006974,0.000621,-0.000524,1,0,1493072232.703913,2858207978.437724
0.006974,0.000621,-0.000524,1,1,-1189089017.254862,1161226903.080401
-0.015891,0.003307,0.008299,0,0,4131804942.894732,8446006625.042307
-0.015891,0.003307,0.008299,1,-1,-74833846.119078,-280050429.685854
-0.015891,0.003307,0.008299,1,0,-891983480.694124,1202831151.296114
-0.015891,0.003307,0.008299,1,1,-133077742.614354,273390404.284034
0.002410,-0.005121,-0.004468,0,0,-16447467620.238903,-1879635084.449822
0.002410,-0.005121,-0.004468,1,-1,-2150992499.370811,-2604700682.543529
0.002410,-0.005121,-0.004468,1,0,2289879762.560297,643114876.682681
0.002410,-0.005121,-0.004468,1,1,1817170210.796307,409102662.129045
0.013137,-0.009927,0.004467,0,0,-6015422652.086655,-11874566772.714151
0.013137,-0.009927,0.004467,1,-1,-110090675.630483,1725463696.730382
0.013137,-0.009927,0.004467,1,0,-170237711.352025,-1159745600.348171
0.013137,-0.009927,0.004467,1,1,-922267576.834043,-425758151.548709
0.007436,0.001906,0.003276,0,0,64781918526.050034,20271952074.536369
0.007436,0.001906,0.003276,1,-1,9125810570.221420,-3307443755.635266
0.007436,0.001906,0.003276,1,0,6879297210.365557,-1510215080.197320
0.007436,0.001906,0.003276,1,1,1485167272.609933,9064370607.167488
-0.007094,-0.011058,0.005534,0,0,7357780363.503133,-4583925827.906023
-0.007094,-0.011058,0.005534,1,-1,236760854.123270,-524149075.685092
-0.007094,-0.011058,0.005534,1,0,90979282.996774,-608567957.192300
-0.007094,-0.011058,0.005534,1,1,-450011793.392141,219726045.217442
0.000816,-0.011150,0.009786,0,0,-13814385599.681145,11143718370.401878
0.000816,-0.011150,0.009786,1,-1,419959214.662345,2596234136.489109
0.000816,-0.011150,0.009786,1,0,464671597.862440,45080949.246103
0.000816,-0.011150,0.009786,1,1,2794646383.835280,310272703.499049
-0.014246,-0.001156,0.002070,0,0,7926087976.974802,738920634.970178
-0.014246,-0.001156,0.002070,1,-1,1198017942.822451,566077389.007674
-0.014246,-0.001156,0.002070,1,0,-1096989822.880135,-444029952.382518
-0.014246,-0.001156,0.002070,1,1,144910991.155596,-478747702.292279
0.009224,-0.015764,0.005451,0,0,-867348727.693043,-307675713.739809
0.009224,-0.015764,0.005451,1,-1,657898625.978710,-196223240.383604
0.009224,-0.015764,0.005451,1,0,-449282014.335404,-179493217.223267
0.009224,-0.015764,0.005451,1,1,-133211683.079833,-58875690.626427
-0.002466,-0.015084,0.006159,0,0,30565057596.730652,-32187965253.066006
-0.002466,-0.015084,0.006159,1,-1,-1409810482.537901,-650249926.780248
-0.002466,-0.015084,0.006159,1,0,2161753903.053153,-3719702452.973916
-0.002466,-0.015084,0.006159,1,1,-469895362.056064,-298591975.118005
0.002644,-0.008974,0.011752,0,0,2934645093.390624,606697156.863362
0.002644,-0.008974,0.011752,1,-1,212881803.123235,-20165963.389196
0.002644,-0.008974,0.011752,1,0,688778818.411539,35092088.931400
0.002644,-0.008974,0.011752,1,1,-126528675.866013,-136589586.175114
-0.002276,-0.000389,0.006489,0,0,2558763012.257517,-15841609791.558926
-0.002276,-0.000389,0.006489,1,-1,1476355664.266519,-3409217369.153245
-0.002276,-0.000389,0.006489,1,0,-310878536.753445,513028339.628652
-0.002276,-0.000389,0.006489,1,1,772666767.237312,2846988230.775209
-0.013833,-0.007313,0.002435,0,0,-2328395173.266741,289380336.808283
-0.013833,-0.007313,0.002435,1,-1,-343906338.313298,-202018701.840085
-0.013833,-0.007313,0.002435,1,0,-291217823.018374,-286620546.082300
-0.013833,-0.007313,0.002435,1,1,-155089347.353373,-164090342.382718
-0.003872,-0.008585,0.007723,0,0,73279210588.205750,15562147541.663433
-0.003872,-0.008585,0.007723,1,-1,8645972757.768669,-7618074912.625702
-0.003872,-0.008585,0.007723,1,0,1374842911.942230,1340590663.862355
-0.003872,-0.008585,0.007723,1,1,-6527650242.689495,-1106325945.176839
0.009152,-0.007399,0.009659,0,0,1939653697.821706,-5060861600.750297
0.009152,-0.007399,0.009659,1,-1,174007301.409945,291403528.505097
0.009152,-0.007399,0.009659,1,0,239205273.150398,-443109553.198812
0.009152,-0.007399,0.009659,1,1,-856662608.546194,-819652297.844405
-0.011348,0.007822,0.003302,0,0,-1832790965.645325,1726871377.624970
-0.011348,0.007822,0.003302,1,-1,-687972982.406966,269739243.668609
-0.011348,0.007822,0.003302,1,0,525304991.311922,-205075599.394931
-0.011348,0.007822,0.003302,1,1,-431316235.950638,1634778839.563989
0.009302,-0.004312,0.009040,0,0,-6103383947.496796,6281264046.688524
0.009302,-0.004312,0.009040,1,-1,1112196035.768320,-814754755.703881
0.009302,-0.004312,0.009040,1,0,541672311.624813,-828225293.673370
0.009302,-0.004312,0.009040,1,1,1385086218.920428,993635353.632659
-0.004324,0.000395,0.005504,0,0,278725989.356606,40082421112.330368
-0.004324,0.000395,0.005504,1,-1,2303608466.754539,235115430.360278
-0.004324,0.000395,0.005504,1,0,-672187649.187755,-6052726624.957513
-0.004324,0.000395,0.005504,1,1,-112133334.373365,-1649767144.456659
-0.015085,0.004679,0.002085,0,0,4970309600.107071,7416632022.450081
-0.015085,0.004679,0.002085,1,-1,-2599240260.057302,-934092798.792833
-0.015085,0.004679,0.002085,1,0,-586805917.466991,-250247282.853808
-0.015085,0.004679,0.002085,1,1,-710852682.009017,228802532.252427
-0.000050,0.000400,0.006643,0,0,6568335037.078000,-11471286814.251331
-0.000050,0.000400,0.006643,1,-1,758961044.850118,-1048089525.972865
-0.000050,0.000400,0.006643,1,0,1126187285.449342,-3047869033.573981
-0.000050,0.000400,0.006643,1,1,535481306.807840,724912819.217062
0.000649,-0.006568,-0.006281,0,0,-40633187535.924011,-15644314258.387386
0.000649,-0.006568,-0.006281,1,-1,1323720011.242417,-1566128654.945864
0.000649,-0.006568,-0.006281,1,0,4004801309.268968,2105999168.405477
0.000649,-0.006568,-0.006281,1,1,590551976.172462,316039189.984821
-0.015793,0.005038,0.006443,0,0,55520247.322213,-15525029688.416353
-0.015793,0.005038,0.006443,1,-1,-627351665.581924,-1288231162.826166
-0.015793,0.005038,0.006443,1,0,-59142826.292474,2293799478.965105
-0.015793,0.005038,0.006443,1,1,98096566.265652,607016543.725348
-0.000686,-0.014896,0.007170,0,0,43764436433.594086,-8184642595.796391
-0.000686,-0.014896,0.007170,1,-1,1819844591.639644,-1855487674.659242
-0.000686,-0.014896,0.007170,1,0,3558684744.832980,-327749553.972739
-0.000686,-0.014896,0.007170,1,1,-1700355336.104214,-1901595739.037157
0.007555,-0.001850,0.008080,0,0,8057737102.845295,7470174919.699690
0.007555,-0.001850,0.008080,1,-1,1950906757.647122,2157062871.065050
0.007555,-0.001850,0.008080,1,0,-1195692393.230909,2773273854.218565
0.007555,-0.001850,0.008080,1,1,-13896123.863257,281012823.065000
0.004249,-0.014784,0.008494,0,0,-271487565.566530,-5150013644.528079
0.004249,-0.014784,0.008494,1,-1,-216751373.938590,-85609420.074937
0.004249,-0.014784,0.008494,1,0,-1372198360.030438,-1132813045.754763
0.004249,-0.014784,0.008494,1,1,-441744576.457131,138417513.019405
0.011391,-0.007923,0.007573,0,0,7513832490.535011,-14914568782.570854
0.011391,-0.007923,0.007573,1,-1,-1916562706.006185,478271625.060128
0.011391,-0.007923,0.007573,1,0,763072944.300753,-950636136.923319
0.011391,-0.007923,0.007573,1,1,-306183274.127544,-1415987241.926821
-0.001652,-0.014160,-0.000889,0,0,-3723765555.324768,-1341638936.368320
-0.001652,-0.014160,-0.000889,1,-1,581708798.566591,-640886221.721720
-0.001652,-0.014160,-0.000889,1,0,-388146457.323298,433935094.188759
-0.001652,-0.014160,-0.000889,1,1,-100170883.264623,-729962499.926885
0.003537,-0.004971,-0.004128,0,0,231382554.957457,-2431638093.776173
0.003537,-0.004971,-0.004128,1,-1,3032175725.488895,-3732096858.607963
0.003537,-0.004971,-0.004128,1,0,70265793.592684,-203903737.866642
0.003537,-0.004971,-0.004128,1,1,986612249.728012,-2675833451.511362
-0.014927,-0.004226,0.005449,0,0,26682134673.036346,39740685266.609955
-0.014927,-0.004226,0.005449,1,-1,-508690368.228401,-67883889.263056
-0.014927,-0.004226,0.005449,1,0,-409631771.195431,360290643.840706
-0.014927,-0.004226,0.005449,1,1,1425625148.474998,999240733.778506
0.000867,-0.006548,-0.006201,0,0,39350345368.032440,12637931338.712872
0.000867,-0.006548,-0.006201,1,-1,-1167462637.783333,1508814875.833683
0.000867,-0.006548,-0.006201,1,0,-3981091814.811747,-1665764464.790390
0.000867,-0.006548,-0.006201,1,1,559943418.329393,22874389.004307
-0.011556,0.005578,0.001617,0,0,360224475.353579,443111655.609505
-0.011556,0.005578,0.001617,1,-1,212856730.393940,251745943.946476
-0.011556,0.005578,0.001617,1,0,-1263308536.782319,936381289.779671
-0.011556,0.005578,0.001617,1,1,308816580.613756,-955194043.633321
-0.003495,-0.012438,0.000188,0,0,-3073291303.891301,4377043105.749474
-0.003495,-0.012438,0.000188,1,-1,-3314401895.332735,122338382.808896
-0.003495,-0.012438,0.000188,1,0,-408622974.807113,56861618.930819
-0.003495,-0.012438,0.000188,1,1,681412263.526813,-331865263.475446
-0.012136,-0.007579,-0.000168,0,0,4779613564.428061,5081894559.165401
-0.012136,-0.007579,-0.000168,1,-1,-660570401.379798,428508643.591821
-0.012136,-0.007579,-0.000168,1,0,-493439953.855863,-63716563.494788
-0.012136,-0.007579,-0.000168,1,1,542717352.358786,-230157615.891167
0.012372,-0.005782,0.000449,0,0,2916535615.281182,-67768541.482727
0.012372,-0.005782,0.000449,1,-1,-741035023.526675,-367956616.270256
0.012372,-0.005782,0.000449,1,0,23591210.996435,-385322516.423673
0.012372,-0.005782,0.000449,1,1,586786519.513957,-658925330.129079
0.012876,-0.007982,0.004296,0,0,2975768029.257881,10440169453.380287
0.012876,-0.007982,0.004296,1,-1,-765512721.692760,-1018705195.592930
0.012876,-0.007982,0.004296,1,0,-685944128.445728,-1044443801.852800
0.012876,-0.007982,0.004296,1,1,-51204077.275131,-470114361.322558
-0.014798,0.007206,0.008561,0,0,-843544914.415184,575560533.208116
-0.014798,0.007206,0.008561,1,-1,260015416.999682,18061997.838075
-0.014798,0.007206,0.008561,1,0,268978324.577978,-123688400.852136
-0.014798,0.007206,0.008561,1,1,-153801590.304431,197151297.470350
-0.010728,-0.009404,0.001181,0,0,-73434955547.685974,-31496105434.464714
-0.010728,-0.009404,0.001181,1,-1,-100085431.806392,215736046.407983
-0.010728,-0.009404,0.001181,1,0,-6323115268.809059,-848016416.827713
-0.010728,-0.009404,0.001181,1,1,-71216232.052640,-254410211.448393
-0.004031,-0.012065,0.006988,0,0,22003185487.741783,-7413661221.857311
-0.004031,-0.012065,0.006988,1,-1,-1710089234.755674,-1263477654.490813
-0.004031,-0.012065,0.006988,1,0,2650377114.284750,-2446652760.135784
-0.004031,-0.012065,0.006988,1,1,106324525.452279,-240975965.705812
-0.001023,-0.008630,-0.005624,0,0,4259542657.073690,-2725158356.869004
-0.001023,-0.008630,-0.005624,1,-1,-565347088.264894,958473037.137680
-0.001023,-0.008630,-0.005624,1,0,597137367.614926,584052298.147532
-0.001023,-0.008630,-0.005624,1,1,-1296242982.136830,2250830743.140440
0.003830,-0.013282,-0.004625,0,0,1746782416.331324,1661485283.442607
0.003830,-0.013282,-0.004625,1,-1,-371743637.038237,59614323.445306
0.003830,-0.013282,-0.004625,1,0,99358718.100785,-260592648.874526
0.003830,-0.013282,-0.004625,1,1,132815115.709066,3382487.360947
0.005371,-0.006323,0.011440,0,0,397340442.850682,317734443.997730
0.005371,-0.006323,0.011440,1,-1,377920112.640733,621229796.683370
0.005371,-0.006323,0.011440,1,0,-6043524.195566,21635269.854352
0.005371,-0.006323,0.011440,1,1,-160753751.986839,-241788964.223721
-0.006077,-0.012570,0.006111,0,0,-8200567341.604732,2470887156.396200
-0.006077,-0.012570,0.006111,1,-1,-397036989.221505,544197471.259800
-0.006077,-0.012570,0.006111,1,0,-791790998.209309,-142395449.875780
-0.006077,-0.012570,0.006111,1,1,497804304.634432,418549738.841975
0.008430,0.001313,0.004653,0,0,12139041648.456987,-40184282748.100700
0.008430,0.001313,0.004653,1,-1,-696569125.318779,1101223266.230254
0.008430,0.001313,0.004653,1,0,-200008389.790266,4270355355.250658
0.008430,0.001313,0.004653,1,1,-1898026452.557570,-1145476215.636676
-0.000061,0.001067,0.005359,0,0,-18379041521.872116,129664481947.542358
-0.000061,0.001067,0.005359,1,-1,1217572726.324098,-630687722.034740
-0.000061,0.001067,0.005359,1,0,1508110480.031979,-9495373004.960379
-0.000061,0.001067,0.005359,1,1,592405722.840310,298896626.665327
0.005565,0.002206,0.005461,0,0,29085880508.714539,-131548897343.053131
0.005565,0.002206,0.005461,1,-1,370347485.274699,-2994725718.043481
0.005565,0.002206,0.005461,1,0,-3789859601.330712,11063028315.761042
0.005565,0.002206,0.005461,1,1,2826076267.343137,-3352532090.885252
-0.001789,-0.008746,-0.003447,0,0,-3062393384.157838,4838060636.586790
-0.001789,-0.008746,-0.003447,1,-1,-1817409134.491935,-274426766.164527
-0.001789,-0.008746,-0.003447,1,0,1798253002.618138,1646819816.042757
-0.001789,-0.008746,-0.003447,1,1,2145206688.452085,832698981.085661
0.004284,-0.015050,0.005547,0,0,-45171514204.937767,5323464097.175642
0.004284,-0.015050,0.005547,1,-1,-704219624.571238,169774322.370239
0.004284,-0.015050,0.005547,1,0,-3997883913.621640,89138426.029689
0.004284,-0.015050,0.005547,1,1,281202301.776943,1038210869.642244
-0.010796,-0.000034,-0.000067,0,0,2373694817.086055,-6914933461.633343
-0.010796,-0.000034,-0.000067,1,-1,1525461079.567683,-3975391913.612662
-0.010796,-0.000034,-0.000067,1,0,-254965394.149615,-445309514.114782
-0.010796,-0.000034,-0.000067,1,1,-1019172322.383179,-2408682423.365984
0.008609,-0.001261,0.007492,0,0,60576606527.726105,-129159604364.455383
0.008609,-0.001261,0.007492,1,-1,1681326950.557086,-1749953.474007
0.008609,-0.001261,0.007492,1,0,-2523466888.770369,11559238143.040609
0.008609,-0.001261,0.007492,1,1,1075881481.103911,-566306560.204919
0.006860,-0.015874,0.004407,0,0,1910781559.699540,-1711294406.587972
0.006860,-0.015874,0.004407,1,-1,324724415.238159,-10373052.977638
0.006860,-0.015874,0.004407,1,0,319810694.116654,-236483076.611177
0.006860,-0.015874,0.004407,1,1,-296808573.514583,121131364.718097
-0.014658,0.008159,0.003407,0,0,-3241923374.330469,-7153884035.084660
-0.014658,0.008159,0.003407,1,-1,760755227.028414,-1839150050.015236
-0.014658,0.008159,0.003407,1,0,-288323046.935235,973582413.172186
-0.014658,0.008159,0.003407,1,1,782555538.636112,-310930601.696900
0.005712,0.000172,0.007452,0,0,10401804632.333172,-1174904232.744346
0.005712,0.000172,0.007452,1,-1,-661382384.434213,1288432960.841868
0.005712,0.000172,0.007452,1,0,-1362884996.616577,-685277969.389542
0.005712,0.000172,0.007452,1,1,-1950000509.187230,406262583.062707
-0.015807,0.005553,0.005353,0,0,16049253712.388075,-5536071676.387114
-0.015807,0.005553,0.005353,1,-1,1639939544.111240,-1049424582.017316
-0.015807,0.005553,0.005353,1,0,2404086513.885517,-3191413513.419864
-0.015807,0.005553,0.005353,1,1,-2819975614.506061,147409003.993737
-0.013001,0.005388,0.001221,0,0,-4609795578.320246,1839918150.315655
-0.013001,0.005388,0.001221,1,-1,272354257.781003,-1222635354.457368
-0.013001,0.005388,0.001221,1,0,379887466.302468,189619957.425195
-0.013001,0.005388,0.001221,1,1,-268408472.054051,99047801.654771
0.011788,-0.005947,0.006977,0,0,4765286839.534916,41584928644.297607
0.011788,-0.005947,0.006977,1,-1,1849884509.219479,-1200507858.710877
0.011788,-0.005947,0.006977,1,0,1162995099.532439,483048940.544519
0.011788,-0.005947,0.006977,1,1,1479056840.335083,-1048004739.274306
-0.011079,-0.009568,0.002149,0,0,14188061573.702465,-4072364293.538807
-0.011079,-0.009568,0.002149,1,-1,76980728.600185,75153790.954796
-0.011079,-0.009568,0.002149,1,0,861201426.455684,-1217541838.206721
-0.011079,-0.009568,0.002149,1,1,-109345351.452124,-56277750.926573
-0.012796,-0.004102,0.007788,0,0,-942434769.701000,-256439976.026104
-0.012796,-0.004102,0.007788,1,-1,-24542869.656207,-96755390.063824
-0.012796,-0.004102,0.007788,1,0,470944220.602361,65419731.464151
-0.012796,-0.004102,0.007788,1,1,459746206.891684,18961837.617841
-0.002008,-0.005631,0.008754,0,0,-27253895384.241451,-4968976782.529052
-0.002008,-0.005631,0.008754,1,-1,-650236499.339196,4694160279.429023
-0.002008,-0.005631,0.008754,1,0,2207536028.515113,1283193971.057431
-0.002008,-0.005631,0.008754,1,1,-1192859639.597272,1198529307.688572
0.010002,-0.001407,-0.000245,0,0,-2803770586.210962,-12840724013.908245
0.010002,-0.001407,-0.000245,1,-1,1367146059.425965,-303549284.150487
0.010002,-0.001407,-0.000245,1,0,740651129.606357,1222245006.423459
0.010002,-0.001407,-0.000245,1,1,446366147.320198,-791286510.546001
0.011566,-0.008728,-0.000603,0,0,4660758741.995709,4092063051.943544
0.011566,-0.008728,-0.000603,1,-1,-2270350212.812776,-407330266.256395
0.011566,-0.008728,-0.000603,1,0,738290923.754406,-824748004.191542
0.011566,-0.008728,-0.000603,1,1,1593589011.535140,-813419498.540630
-0.010198,-0.001153,0.007103,0,0,-11839406064.988108,-30649139520.403137
-0.010198,-0.001153,0.007103,1,-1,-1116018337.358340,-1358571668.013445
-0.010198,-0.001153,0.007103,1,0,1552454369.368947,301818486.896706
-0.010198,-0.001153,0.007103,1,1,-96750379.564154,2980016118.815549
-0.013476,-0.006286,0.006879,0,0,7194279751.258461,6427861337.666976
-0.013476,-0.006286,0.006879,1,-1,-517567146.695047,-619607661.796028
-0.013476,-0.006286,0.006879,1,0,329643389.344716,624232014.272778
-0.013476,-0.006286,0.006879,1,1,509125504.693240,270581395.680532
-0.015713,0.003648,0.002843,0,0,-56296448343.716721,-48525022376.121193
-0.015713,0.003648,0.002843,1,-1,-4415236292.518103,-2531973914.615002
-0.015713,0.003648,0.002843,1,0,-1743803516.086658,-746715651.232884
-0.015713,0.003648,0.002843,1,1,431742057.226987,-652399905.859521
0.005219,-0.002096,0.008336,0,0,-2220937535.643166,3253128806.819115
0.005219,-0.002096,0.008336,1,-1,1447427750.099521,3419942819.013152
0.005219,-0.002096,0.008336,1,0,7413169557.201741,3882190474.290835
0.005219,-0.002096,0.008336,1,1,1825968524.419425,-589962832.853312
0.002442,-0.014954,0.003081,0,0,125605456916.449738,13533376399.237652
0.002442,-0.014954,0.003081,1,-1,-2932218268.448943,-1059715432.291481
0.002442,-0.014954,0.003081,1,0,13165320403.728476,959312467.179861
0.002442,-0.014954,0.003081,1,1,852123264.416279,3331812617.771707
-0.002995,-0.013686,0.006708,0,0,6867377947.722124,-2014378565.848692
-0.002995,-0.013686,0.006708,1,-1,934133971.719733,1577262601.097524
-0.002995,-0.013686,0.006708,1,0,700128400.327181,-2882741202.871387
-0.002995,-0.013686,0.006708,1,1,-957604059.780632,-1641133251.613678
