geo_name,rod,mode,0,k,94.754257,max_r,0.022545
source_x,source_y,source_z,n,m,re,im
-0.000491,-0.011233,0.000317,0,0,-117.210263,-1973.886706
-0.000491,-0.011233,0.000317,1,-1,-9039.366836,-1061.520419
-0.000491,-0.011233,0.000317,1,0,-80.084234,14592.635013
-0.000491,-0.011233,0.000317,1,1,-9203.826415,905.630064
0.000326,0.011111,0.000487,0,0,-126.655733,-4436.674994
0.000326,0.011111,0.000487,1,-1,800.780203,-11036.668946
0.000326,0.011111,0.000487,1,0,-47.286884,16603.309410
0.000326,0.011111,0.000487,1,1,908.333421,11046.780586
0.000376,0.014028,0.000438,0,0,-118.025205,-1545.986164
0.000376,0.014028,0.000438,1,-1,18738.164713,9953.577436
0.000376,0.014028,0.000438,1,0,105.505803,-9666.738227
0.000376,0.014028,0.000438,1,1,18851.103879,-9856.095554
-0.000306,0.011918,0.000496,0,0,-95.365012,-2622.046883
-0.000306,0.011918,0.000496,1,-1,-3516.792802,-7940.219674
-0.000306,0.011918,0.000496,1,0,109.423484,-132.099938
-0.000306,0.011918,0.000496,1,1,-3649.994839,7867.940741
-0.000532,-0.000777,0.000230,0,0,-175.954571,-914.850007
-0.000532,-0.000777,0.000230,1,-1,-20883.900596,-18143.737770
-0.000532,-0.000777,0.000230,1,0,-151.576710,105753.264897
-0.000532,-0.000777,0.000230,1,1,-20986.368548,18103.819286
0.000499,0.003412,-0.000306,0,0,-226.837602,7956.956950
0.000499,0.003412,-0.000306,1,-1,-4605.081408,-27648.401179
0.000499,0.003412,-0.000306,1,0,276.350437,-83010.497424
0.000499,0.003412,-0.000306,1,1,-4854.943932,27671.218653
-0.000351,0.019559,-0.000460,0,0,-93.245370,2434.948869
-0.000351,0.019559,-0.000460,1,-1,51881.614381,50764.212593
-0.000351,0.019559,-0.000460,1,0,-6.200026,73244.586915
-0.000351,0.019559,-0.000460,1,1,52065.848668,-50659.692053
0.000124,0.001134,-0.000575,0,0,-239.034448,3717.127832
0.000124,0.001134,-0.000575,1,-1,-42086.456916,-54251.344891
0.000124,0.001134,-0.000575,1,0,-23.206035,28685.902971
0.000124,0.001134,-0.000575,1,1,-42243.891803,53984.284850
0.000281,0.014123,-0.000507,0,0,-128.088108,-97.382679
0.000281,0.014123,-0.000507,1,-1,22110.422854,-3541.725131
0.000281,0.014123,-0.000507,1,0,119.309790,45685.192821
0.000281,0.014123,-0.000507,1,1,22275.113088,3248.064684
-0.000580,-0.008109,-0.000064,0,0,-170.606145,-1468.770677
-0.000580,-0.008109,-0.000064,1,-1,-57228.095429,-8167.461398
-0.000580,-0.008109,-0.000064,1,0,-87.564969,10768.357109
-0.000580,-0.008109,-0.000064,1,1,-57323.168706,8144.954559
0.000390,0.004130,0.000427,0,0,-211.785321,6538.399381
0.000390,0.004130,0.000427,1,-1,-56972.287926,-61551.265172
0.000390,0.004130,0.000427,1,0,-107.210323,16336.251288
0.000390,0.004130,0.000427,1,1,-56893.726327,61665.729699
-0.000579,-0.007264,-0.000013,0,0,-169.872550,-857.876529
-0.000579,-0.007264,-0.000013,1,-1,-30614.223469,-23805.104773
-0.000579,-0.007264,-0.000013,1,0,-88.896393,5737.124516
-0.000579,-0.007264,-0.000013,1,1,-30602.799967,23879.370375
0.000544,0.006410,-0.000200,0,0,-160.769062,-8957.308343
0.000544,0.006410,-0.000200,1,-1,-121955.757583,-21539.770057
0.000544,0.006410,-0.000200,1,0,-110.347036,134638.158481
0.000544,0.006410,-0.000200,1,1,-122168.832038,21141.360364
-0.000325,0.009503,0.000485,0,0,-100.302765,-6788.115531
-0.000325,0.009503,0.000485,1,-1,1649.437887,-28134.270825
-0.000325,0.009503,0.000485,1,0,-5.816089,42307.517791
-0.000325,0.009503,0.000485,1,1,1311.278535,28128.335032
0.000496,-0.012259,-0.000305,0,0,-161.483274,-2109.162713
0.000496,-0.012259,-0.000305,1,-1,-1257.574643,-3324.275435
0.000496,-0.012259,-0.000305,1,0,-186.733519,-6736.695461
0.000496,-0.012259,-0.000305,1,1,-1482.605183,3100.696119
-0.000573,0.007537,0.000129,0,0,-129.571759,-4189.109446
-0.000573,0.007537,0.000129,1,-1,-48851.474141,-20548.976611
-0.000573,0.007537,0.000129,1,0,78.926407,-51546.441979
-0.000573,0.007537,0.000129,1,1,-48932.511078,20250.526824
0.000550,-0.001985,-0.000187,0,0,-201.833995,-6561.983748
0.000550,-0.001985,-0.000187,1,-1,-119023.924017,342.598899
0.000550,-0.001985,-0.000187,1,0,-5.845844,34652.339368
0.000550,-0.001985,-0.000187,1,1,-119218.018368,-608.610540
0.000154,0.004210,0.000561,0,0,-205.853886,8013.158147
0.000154,0.004210,0.000561,1,-1,-51594.456218,-104733.920011
0.000154,0.004210,0.000561,1,0,101.560073,-13716.757589
0.000154,0.004210,0.000561,1,1,-51709.069762,104399.243136
-0.000380,-0.014578,-0.000437,0,0,-156.709867,-1656.625296
-0.000380,-0.014578,-0.000437,1,-1,24498.546304,8188.864258
-0.000380,-0.014578,-0.000437,1,0,-73.812996,-13115.399811
-0.000380,-0.014578,-0.000437,1,1,24559.505556,-8020.578760
0.000365,0.016610,0.000446,0,0,-102.581891,349.646228
0.000365,0.016610,0.000446,1,-1,41349.325844,57910.670328
0.000365,0.016610,0.000446,1,0,67.245798,-34783.875962
0.000365,0.016610,0.000446,1,1,41404.204654,-58077.170958
-0.000578,-0.009623,0.000110,0,0,-142.146864,-2210.557563
-0.000578,-0.009623,0.000110,1,-1,-10566.290691,-4570.239216
-0.000578,-0.009623,0.000110,1,0,-63.989555,-1328.096745
-0.000578,-0.009623,0.000110,1,1,-10614.266696,4518.825959
0.000477,0.001691,0.000339,0,0,-222.395225,10168.950709
0.000477,0.001691,0.000339,1,-1,-85078.949896,-54242.629646
0.000477,0.001691,0.000339,1,0,-77.370251,4782.504949
0.000477,0.001691,0.000339,1,1,-85260.242910,54282.848824
0.000579,0.007415,-0.000058,0,0,-158.811611,-7417.371921
0.000579,0.007415,-0.000058,1,-1,-51133.238626,-27880.645818
0.000579,0.007415,-0.000058,1,0,5.578749,-6826.517693
0.000579,0.007415,-0.000058,1,1,-51309.300386,27966.891682
-0.000573,0.017850,0.000125,0,0,-69.849747,916.855788
-0.000573,0.017850,0.000125,1,-1,34609.681938,12319.812543
-0.000573,0.017850,0.000125,1,0,41.016256,-2220.120298
-0.000573,0.017850,0.000125,1,1,34471.243815,-12167.766553
0.000275,-0.015520,0.000507,0,0,-125.804377,-1450.406848
0.000275,-0.015520,0.000507,1,-1,38806.088066,32192.852853
0.000275,-0.015520,0.000507,1,0,-136.195554,11350.275118
0.000275,-0.015520,0.000507,1,1,38834.349909,-32386.088946
0.000508,-0.014895,0.000277,0,0,-137.683416,-1380.373988
0.000508,-0.014895,0.000277,1,-1,29444.579159,15681.418103
0.000508,-0.014895,0.000277,1,0,-113.505273,-4339.525358
0.000508,-0.014895,0.000277,1,1,29390.847723,-15460.463450
0.000580,0.013553,-0.000045,0,0,-122.441712,-971.865895
0.000580,0.013553,-0.000045,1,-1,8623.051962,5251.356220
0.000580,0.013553,-0.000045,1,0,145.231442,14528.653355
0.000580,0.013553,-0.000045,1,1,8477.577562,-4927.620664
-0.000466,-0.007248,0.000347,0,0,-152.014992,-261.445671
-0.000466,-0.007248,0.000347,1,-1,-54369.840381,7293.880634
-0.000466,-0.007248,0.000347,1,0,-9.696172,16159.314629
-0.000466,-0.007248,0.000347,1,1,-54546.318677,-7421.836733
-0.000042,0.020984,-0.000580,0,0,-103.087940,13637.084950
-0.000042,0.020984,-0.000580,1,-1,177731.880685,226124.291889
-0.000042,0.020984,-0.000580,1,0,19.934660,257044.624521
-0.000042,0.020984,-0.000580,1,1,177661.993041,-226332.242043
-0.000580,-0.009699,0.000058,0,0,-145.117980,-2133.062285
-0.000580,-0.009699,0.000058,1,-1,-8678.107748,-12512.345562
-0.000580,-0.009699,0.000058,1,0,-48.792144,-4966.440171
-0.000580,-0.009699,0.000058,1,1,-8707.825908,12548.001293
0.000250,-0.004533,-0.000519,0,0,-197.788982,-9304.455004
0.000250,-0.004533,-0.000519,1,-1,-57854.554085,-125005.753127
0.000250,-0.004533,-0.000519,1,0,-14.608944,-34484.991373
0.000250,-0.004533,-0.000519,1,1,-58131.313987,124711.440662
0.000394,-0.012033,0.000422,0,0,-149.329538,-1800.676004
0.000394,-0.012033,0.000422,1,-1,-6495.443241,-4610.163569
0.000394,-0.012033,0.000422,1,0,96.488789,-6029.919729
0.000394,-0.012033,0.000422,1,1,-6295.893952,4734.288630
-0.000420,0.002001,-0.000394,0,0,-232.274148,9508.398470
-0.000420,0.002001,-0.000394,1,-1,-110203.415183,-8154.667096
-0.000420,0.002001,-0.000394,1,0,-119.621785,53277.071412
-0.000420,0.002001,-0.000394,1,1,-110097.704735,7973.194668
-0.000438,-0.015668,-0.000379,0,0,-142.457167,-274.116370
-0.000438,-0.015668,-0.000379,1,-1,42005.899300,19803.454362
-0.000438,-0.015668,-0.000379,1,0,-172.792601,-21472.092435
-0.000438,-0.015668,-0.000379,1,1,42071.831296,-19766.540535
-0.000534,-0.016570,-0.000220,0,0,-121.417655,1060.645509
-0.000534,-0.016570,-0.000220,1,-1,65612.168434,38821.508841
-0.000534,-0.016570,-0.000220,1,0,-115.365922,-13460.377029
-0.000534,-0.016570,-0.000220,1,1,65632.020956,-38690.432580
-0.000217,-0.012452,-0.000536,0,0,-169.626757,-2103.352932
-0.000217,-0.012452,-0.000536,1,-1,3644.742637,2746.760624
-0.000217,-0.012452,-0.000536,1,0,77.323178,2296.465065
-0.000217,-0.012452,-0.000536,1,1,3730.147289,-3030.505439
0.000364,0.003086,-0.000448,0,0,-235.185430,9216.566083
0.000364,0.003086,-0.000448,1,-1,-21989.535593,-17652.727475
0.000364,0.003086,-0.000448,1,0,146.798628,-29779.180037
0.000364,0.003086,-0.000448,1,1,-22076.009700,17396.028000
0.000573,0.004077,-0.000126,0,0,-214.438765,5105.708914
0.000573,0.004077,-0.000126,1,-1,-50928.171264,36520.974541
0.000573,0.004077,-0.000126,1,0,302.742259,-85051.628261
0.000573,0.004077,-0.000126,1,1,-51039.512790,-36584.796314
-0.000079,-0.017685,0.000578,0,0,-89.012496,1604.569969
-0.000079,-0.017685,0.000578,1,-1,32310.455128,13445.112991
-0.000079,-0.017685,0.000578,1,0,-25.987668,-3950.259722
-0.000079,-0.017685,0.000578,1,1,32379.398588,-13561.812484
-0.000578,-0.018189,-0.000081,0,0,-102.802408,2221.559369
-0.000578,-0.018189,-0.000081,1,-1,52005.913083,50153.303651
-0.000578,-0.018189,-0.000081,1,0,50.330892,15352.452162
-0.000578,-0.018189,-0.000081,1,1,51880.939795,-50091.549034
-0.000503,-0.004491,0.000295,0,0,-159.218925,402.828428
-0.000503,-0.004491,0.000295,1,-1,-123599.930028,63647.756810
-0.000503,-0.004491,0.000295,1,0,-60.234593,11962.972577
-0.000503,-0.004491,0.000295,1,1,-123647.861384,-63900.226342
-0.000177,-0.017780,0.000554,0,0,-84.237142,1791.116820
-0.000177,-0.017780,0.000554,1,-1,39944.417909,30974.606151
-0.000177,-0.017780,0.000554,1,0,-4.563829,11948.754516
-0.000177,-0.017780,0.000554,1,1,39757.772574,-31131.621632
-0.000155,0.018489,-0.000562,0,0,-104.112128,2645.745037
-0.000155,0.018489,-0.000562,1,-1,52725.475426,32191.786049
-0.000155,0.018489,-0.000562,1,0,18.539105,16756.669844
-0.000155,0.018489,-0.000562,1,1,52714.737301,-32194.643298
-0.000134,0.009351,0.000571,0,0,-107.914138,-7321.229997
-0.000134,0.009351,0.000571,1,-1,-4033.025843,-6728.382646
-0.000134,0.009351,0.000571,1,0,18.000918,13831.622187
-0.000134,0.009351,0.000571,1,1,-4110.690562,6625.385291
0.000536,0.008952,0.000222,0,0,-137.041509,-8117.468411
0.000536,0.008952,0.000222,1,-1,-71798.161979,-14919.773267
0.000536,0.008952,0.000222,1,0,44.374050,9965.667268
0.000536,0.008952,0.000222,1,1,-71894.798540,14823.746020
-0.000262,-0.007790,-0.000515,0,0,-199.359614,-2492.762102
-0.000262,-0.007790,-0.000515,1,-1,-25217.054250,-16749.250258
-0.000262,-0.007790,-0.000515,1,0,45.504438,-669.537136
-0.000262,-0.007790,-0.000515,1,1,-25034.713501,16709.217364
-0.000522,-0.005354,-0.000255,0,0,-189.837264,-732.492904
-0.000522,-0.005354,-0.000255,1,-1,-52510.976988,-49528.229420
-0.000522,-0.005354,-0.000255,1,0,-17.960495,-15113.323613
-0.000522,-0.005354,-0.000255,1,1,-52514.269636,49422.403717
-0.000262,-0.009015,0.000518,0,0,-139.654327,-1349.163767
-0.000262,-0.009015,0.000518,1,-1,-11480.350889,-14715.634089
-0.000262,-0.009015,0.000518,1,0,-62.479745,24307.640207
-0.000262,-0.009015,0.000518,1,1,-11655.032847,14542.067770
-0.000530,-0.006212,0.000239,0,0,-159.747169,-58.174089
-0.000530,-0.006212,0.000239,1,-1,-47065.512402,-18951.535363
-0.000530,-0.006212,0.000239,1,0,-30.322395,28271.726396
-0.000530,-0.006212,0.000239,1,1,-47199.468165,18880.402301
0.000496,-0.016372,-0.000311,0,0,-136.063679,3394.845687
0.000496,-0.016372,-0.000311,1,-1,31509.340886,39464.177546
0.000496,-0.016372,-0.000311,1,0,-1.486636,-20090.002283
0.000496,-0.016372,-0.000311,1,1,31317.761575,-39473.806738
0.000088,-0.006194,-0.000578,0,0,-211.877653,-3344.411354
0.000088,-0.006194,-0.000578,1,-1,-25366.160753,-11973.236869
0.000088,-0.006194,-0.000578,1,0,204.298410,-59591.373903
0.000088,-0.006194,-0.000578,1,1,-25158.056086,11666.020990
0.000485,0.002636,0.000327,0,0,-227.928459,10979.544581
0.000485,0.002636,0.000327,1,-1,-57495.176250,-105849.375200
0.000485,0.002636,0.000327,1,0,-52.640164,8640.966875
0.000485,0.002636,0.000327,1,1,-57508.972191,105873.548082
-0.000185,0.005011,0.000552,0,0,-180.741333,10242.430570
-0.000185,0.005011,0.000552,1,-1,-95255.719646,-36449.631164
-0.000185,0.005011,0.000552,1,0,-85.352194,137108.111539
-0.000185,0.005011,0.000552,1,1,-95454.596148,36137.675673
-0.000559,0.008894,0.000161,0,0,-114.830232,-6255.915591
-0.000559,0.008894,0.000161,1,-1,-51892.686018,-705.998618
-0.000559,0.008894,0.000161,1,0,139.515074,-28822.149009
-0.000559,0.008894,0.000161,1,1,-51918.314305,599.931546
0.000571,0.002786,0.000131,0,0,-225.489104,10749.706493
0.000571,0.002786,0.000131,1,-1,-62730.121930,-12551.853614
0.000571,0.002786,0.000131,1,0,-15.959419,-42339.114906
0.000571,0.002786,0.000131,1,1,-63068.867661,12735.731282
-0.000149,0.019754,0.000565,0,0,-68.624826,-4758.873596
-0.000149,0.019754,0.000565,1,-1,83391.353363,82380.007690
-0.000149,0.019754,0.000565,1,0,-24.843506,-206642.766879
-0.000149,0.019754,0.000565,1,1,83306.659810,-82555.888017
-0.000519,-0.014836,0.000252,0,0,-110.466051,-2892.840395
-0.000519,-0.014836,0.000252,1,-1,41517.167276,7097.670342
-0.000519,-0.014836,0.000252,1,0,-38.354393,1909.490578
-0.000519,-0.014836,0.000252,1,1,41357.422277,-7225.000023
0.000486,0.013694,-0.000317,0,0,-121.818707,-824.794531
0.000486,0.013694,-0.000317,1,-1,18046.666322,-434.238378
0.000486,0.013694,-0.000317,1,0,0.786233,16129.681156
0.000486,0.013694,-0.000317,1,1,17874.223099,115.137105
-0.000579,-0.009244,0.000094,0,0,-145.571064,-2104.251630
-0.000579,-0.009244,0.000094,1,-1,-17988.166828,-8412.358017
-0.000579,-0.009244,0.000094,1,0,-181.445517,9598.767894
-0.000579,-0.009244,0.000094,1,1,-18019.056218,8557.319242
-0.000521,-0.000942,0.000251,0,0,-174.265917,-1553.250619
-0.000521,-0.000942,0.000251,1,-1,-21092.030516,-15443.132189
-0.000521,-0.000942,0.000251,1,0,-40.911083,33857.461182
-0.000521,-0.000942,0.000251,1,1,-21203.471061,15407.383519
0.000541,-0.012089,-0.000210,0,0,-162.916655,-2114.470286
0.000541,-0.012089,-0.000210,1,-1,-3369.281935,-2147.037031
0.000541,-0.012089,-0.000210,1,0,-30.217881,-7247.470414
0.000541,-0.012089,-0.000210,1,1,-3552.966579,2372.441963
0.000491,0.016209,0.000324,0,0,-102.526037,618.308693
0.000491,0.016209,0.000324,1,-1,22631.956512,285.906645
0.000491,0.016209,0.000324,1,0,43.581513,12443.263223
0.000491,0.016209,0.000324,1,1,22586.619074,-266.177466
0.000505,-0.019129,-0.000287,0,0,-118.775226,7056.802325
0.000505,-0.019129,-0.000287,1,-1,106391.294194,-4413.194562
0.000505,-0.019129,-0.000287,1,0,-7.234276,-77214.815857
0.000505,-0.019129,-0.000287,1,1,106255.791040,4193.282389
0.000193,-0.003139,0.000548,0,0,-184.653591,-389.362151
0.000193,-0.003139,0.000548,1,-1,-90306.988090,-56220.223685
0.000193,-0.003139,0.000548,1,0,11.843144,-48766.364378
0.000193,-0.003139,0.000548,1,1,-90336.884222,56077.048378
0.000122,0.001150,0.000576,0,0,-211.925265,12887.510441
0.000122,0.001150,0.000576,1,-1,-80262.995714,-79221.788294
0.000122,0.001150,0.000576,1,0,-18.235446,-61800.505106
0.000122,0.001150,0.000576,1,1,-80429.946045,79061.067469
-0.000571,0.012324,0.000136,0,0,-103.711121,-2325.939265
-0.000571,0.012324,0.000136,1,-1,-461.517804,952.927365
-0.000571,0.012324,0.000136,1,0,-35.632810,-1129.317914
-0.000571,0.012324,0.000136,1,1,-545.240739,-1047.463785
0.000122,-0.016199,-0.000574,0,0,-144.184881,2827.059173
0.000122,-0.016199,-0.000574,1,-1,26920.101696,33314.199181
0.000122,-0.016199,-0.000574,1,0,-75.585948,-40301.685870
0.000122,-0.016199,-0.000574,1,1,27042.277344,-33557.039258
-0.000534,-0.001193,0.000228,0,0,-175.507545,-1263.231295
-0.000534,-0.001193,0.000228,1,-1,-72551.038767,-37031.437204
-0.000534,-0.001193,0.000228,1,0,80.853859,-77235.596203
-0.000534,-0.001193,0.000228,1,1,-72772.264069,36888.078884
-0.000557,0.016026,0.000166,0,0,-82.570429,-1029.364783
-0.000557,0.016026,0.000166,1,-1,36381.235518,20904.244422
-0.000557,0.016026,0.000166,1,0,-44.406499,-62704.015628
-0.000557,0.016026,0.000166,1,1,36223.545632,-20951.865389
-0.000166,0.010305,0.000559,0,0,-102.629524,-5584.779940
-0.000166,0.010305,0.000559,1,-1,-15979.522193,-20457.788431
-0.000166,0.010305,0.000559,1,0,94.483542,6482.001546
-0.000166,0.010305,0.000559,1,1,-16149.123817,20326.226114
0.000353,0.018436,0.000460,0,0,-91.606668,1070.529473
0.000353,0.018436,0.000460,1,-1,10297.182748,38089.883733
0.000353,0.018436,0.000460,1,0,-13.113951,-18556.668409
0.000353,0.018436,0.000460,1,1,10635.152735,-38025.235869
-0.000580,0.003497,0.000050,0,0,-205.625788,10879.805856
-0.000580,0.003497,0.000050,1,-1,-39808.016662,-35868.823910
-0.000580,0.003497,0.000050,1,0,-59.274918,69090.424271
-0.000580,0.003497,0.000050,1,1,-40036.912895,35751.175198
-0.000123,0.000824,-0.000574,0,0,-238.052440,2934.545179
-0.000123,0.000824,-0.000574,1,-1,-21159.779044,-53793.999292
-0.000123,0.000824,-0.000574,1,0,-126.213477,77579.801608
-0.000123,0.000824,-0.000574,1,1,-21019.616398,53803.705636
-0.000579,-0.017797,-0.000024,0,0,-100.361433,2077.858712
-0.000579,-0.017797,-0.000024,1,-1,47901.150894,23824.134253
-0.000579,-0.017797,-0.000024,1,0,-148.050919,-55055.929202
-0.000579,-0.017797,-0.000024,1,1,47805.256036,-23834.575892
-0.000020,-0.013500,-0.000579,0,0,-167.772347,-2234.913012
-0.000020,-0.013500,-0.000579,1,-1,13604.664605,14958.416608
-0.000020,-0.013500,-0.000579,1,0,-84.782313,-17480.127449
-0.000020,-0.013500,-0.000579,1,1,13500.618998,-15282.284543
-0.000580,-0.021343,0.000093,0,0,-112.291652,1457.948846
-0.000580,-0.021343,0.000093,1,-1,336430.206112,149383.959781
-0.000580,-0.021343,0.000093,1,0,95.023891,89805.715092
-0.000580,-0.021343,0.000093,1,1,336349.388091,-149564.736293
-0.000187,0.013325,0.000552,0,0,-94.697381,-1927.034480
-0.000187,0.013325,0.000552,1,-1,11129.813436,7282.889984
-0.000187,0.013325,0.000552,1,0,5.485827,-2362.572522
-0.000187,0.013325,0.000552,1,1,10991.821694,-7395.741487
-0.000537,-0.004892,-0.000219,0,0,-188.288855,-518.588493
-0.000537,-0.004892,-0.000219,1,-1,-56537.224708,-49168.217085
-0.000537,-0.004892,-0.000219,1,0,19.552588,34461.817608
-0.000537,-0.004892,-0.000219,1,1,-56575.883415,49049.163377
0.000579,-0.007072,0.000021,0,0,-194.557275,-3282.574811
0.000579,-0.007072,0.000021,1,-1,-21456.309975,-40605.953576
0.000579,-0.007072,0.000021,1,0,-13.501112,-19164.683784
0.000579,-0.007072,0.000021,1,1,-21524.118162,40954.517345
-0.000560,0.021123,0.000156,0,0,-71.164578,-2709.298145
-0.000560,0.021123,0.000156,1,-1,98174.454835,95385.429452
-0.000560,0.021123,0.000156,1,0,9.939321,-80685.667283
-0.000560,0.021123,0.000156,1,1,98111.431107,-95471.723940
-0.000467,0.019110,0.000348,0,0,-59.049951,650.170377
-0.000467,0.019110,0.000348,1,-1,73262.438935,-3352.840592
-0.000467,0.019110,0.000348,1,0,-24.128456,-11102.723740
-0.000467,0.019110,0.000348,1,1,73134.711097,3243.226248
0.000075,-0.011366,0.000579,0,0,-135.801142,-2037.207361
0.000075,-0.011366,0.000579,1,-1,-11748.553292,-10769.279558
0.000075,-0.011366,0.000579,1,0,-82.421163,5535.203785
0.000075,-0.011366,0.000579,1,1,-11705.179593,10529.860963
0.000307,0.002010,-0.000494,0,0,-237.329252,8049.435036
0.000307,0.002010,-0.000494,1,-1,-75111.040757,-54204.036576
0.000307,0.002010,-0.000494,1,0,-46.720930,63488.609937
0.000307,0.002010,-0.000494,1,1,-75489.254153,53806.113290
0.000549,-0.020541,0.000195,0,0,-114.366646,12759.918358
0.000549,-0.020541,0.000195,1,-1,215925.029657,98813.478443
0.000549,-0.020541,0.000195,1,0,-6.971754,-7062.117820
0.000549,-0.020541,0.000195,1,1,216015.359683,-98610.948390
-0.000410,0.015811,0.000402,0,0,-75.126289,-724.380000
-0.000410,0.015811,0.000402,1,-1,37998.955131,-930.608178
-0.000410,0.015811,0.000402,1,0,-69.313727,-36413.280137
-0.000410,0.015811,0.000402,1,1,37952.725900,704.636536
-0.000579,0.003248,0.000056,0,0,-205.123756,10652.095731
-0.000579,0.003248,0.000056,1,-1,-57151.122579,25198.193189
-0.000579,0.003248,0.000056,1,0,29.784766,-35082.801472
-0.000579,0.003248,0.000056,1,1,-57148.897861,-25293.728536
-0.000105,-0.012161,0.000582,0,0,-127.760912,-1870.371918
-0.000105,-0.012161,0.000582,1,-1,-3128.360379,-7513.990902
-0.000105,-0.012161,0.000582,1,0,77.831187,4255.554833
-0.000105,-0.012161,0.000582,1,1,-3254.096210,7284.102184
0.000051,-0.010240,0.000578,0,0,-146.158968,-1612.334548
0.000051,-0.010240,0.000578,1,-1,-29435.666832,-11236.872362
0.000051,-0.010240,0.000578,1,0,-159.131077,4003.790815
0.000051,-0.010240,0.000578,1,1,-29498.408551,10943.546782
0.000079,0.011730,-0.000579,0,0,-142.731298,-3563.922329
0.000079,0.011730,-0.000579,1,-1,-3445.297284,14406.271506
0.000079,0.011730,-0.000579,1,0,-73.691119,21040.676017
0.000079,0.011730,-0.000579,1,1,-3309.704302,-14738.188565
0.000231,0.015236,-0.000531,0,0,-119.990375,1600.975692
0.000231,0.015236,-0.000531,1,-1,17864.389853,13594.207955
0.000231,0.015236,-0.000531,1,0,70.244432,3758.736578
0.000231,0.015236,-0.000531,1,1,17753.099561,-13824.262400
0.000060,-0.017834,-0.000579,0,0,-132.811709,6364.929471
0.000060,-0.017834,-0.000579,1,-1,48955.954588,15915.949680
0.000060,-0.017834,-0.000579,1,0,-32.710532,-34960.282941
0.000060,-0.017834,-0.000579,1,1,49111.679241,-16071.018657
0.000223,0.010789,0.000535,0,0,-122.415964,-5039.965442
0.000223,0.010789,0.000535,1,-1,-5778.229812,-2094.131591
0.000223,0.010789,0.000535,1,0,-18.674400,13873.497334
0.000223,0.010789,0.000535,1,1,-5751.773804,1969.427780
0.000528,0.007024,0.000241,0,0,-158.147122,-7739.724731
0.000528,0.007024,0.000241,1,-1,-48477.091720,-117105.956610
0.000528,0.007024,0.000241,1,0,-123.840462,48879.391650
0.000528,0.007024,0.000241,1,1,-48718.633023,117347.140625
0.000239,0.010534,0.000529,0,0,-123.427705,-5013.554626
0.000239,0.010534,0.000529,1,-1,-39998.026618,11547.631248
0.000239,0.010534,0.000529,1,0,90.017949,-10108.501887
0.000239,0.010534,0.000529,1,1,-39907.956014,-11748.437865
0.000471,0.012171,-0.000348,0,0,-130.921753,-2646.444018
0.000471,0.012171,-0.000348,1,-1,-2929.744930,1548.864802
0.000471,0.012171,-0.000348,1,0,-118.031802,14832.956451
0.000471,0.012171,-0.000348,1,1,-3262.381829,-1836.932205
-0.000488,0.008117,-0.000328,0,0,-144.124068,-6838.357140
-0.000488,0.008117,-0.000328,1,-1,-41261.530546,-49657.137662
-0.000488,0.008117,-0.000328,1,0,28.574064,8778.825390
-0.000488,0.008117,-0.000328,1,1,-41349.501856,49440.376855
-0.000581,0.019400,0.000022,0,0,-72.616246,22.005511
-0.000581,0.019400,0.000022,1,-1,64743.145945,19148.554628
-0.000581,0.019400,0.000022,1,0,-51.653960,-30697.722440
-0.000581,0.019400,0.000022,1,1,64608.118428,-18985.119734
-0.000211,-0.009283,-0.000544,0,0,-187.804734,-3102.335965
-0.000211,-0.009283,-0.000544,1,-1,-15096.100946,-30850.363285
-0.000211,-0.009283,-0.000544,1,0,-138.624942,19919.356065
-0.000211,-0.009283,-0.000544,1,1,-15171.727869,30700.817571
-0.000525,-0.001219,-0.000248,0,0,-202.458863,-2022.674093
-0.000525,-0.001219,-0.000248,1,-1,-91854.845358,-38923.771476
-0.000525,-0.001219,-0.000248,1,0,-68.022975,42790.225756
-0.000525,-0.001219,-0.000248,1,1,-91724.264077,39061.747291
-0.000460,-0.013191,-0.000356,0,0,-163.365077,-2273.899967
-0.000460,-0.013191,-0.000356,1,-1,20996.534414,678.563059
-0.000460,-0.013191,-0.000356,1,0,-44.366361,423.806535
-0.000460,-0.013191,-0.000356,1,1,21065.186390,-840.051044
0.000497,-0.019033,0.000298,0,0,-115.974804,5376.830825
0.000497,-0.019033,0.000298,1,-1,24040.544784,59602.349345
0.000497,-0.019033,0.000298,1,0,-13.659890,49381.457882
0.000497,-0.019033,0.000298,1,1,24263.269550,-59700.765628
-0.000380,-0.018977,0.000432,0,0,-75.766519,3069.532091
-0.000380,-0.018977,0.000432,1,-1,84501.408326,66922.948186
-0.000380,-0.018977,0.000432,1,0,-34.535436,6530.009909
-0.000380,-0.018977,0.000432,1,1,84391.880866,-67235.497969
-0.000471,0.017636,-0.000344,0,0,-89.800522,2244.754915
-0.000471,0.017636,-0.000344,1,-1,56131.410854,25290.805011
-0.000471,0.017636,-0.000344,1,0,16.489531,2605.360425
-0.000471,0.017636,-0.000344,1,1,56290.668416,-25200.756972
0.000511,0.020016,-0.000265,0,0,-88.762378,4667.263104
0.000511,0.020016,-0.000265,1,-1,63896.725693,24867.059987
0.000511,0.020016,-0.000265,1,0,21.237996,124382.403073
0.000511,0.020016,-0.000265,1,1,63703.420481,-24914.466451
0.000252,-0.007812,0.000521,0,0,-174.825178,-736.024327
0.000252,-0.007812,0.000521,1,-1,-38786.789337,-32540.364380
0.000252,-0.007812,0.000521,1,0,-118.340849,-1895.101437
0.000252,-0.007812,0.000521,1,1,-38893.235316,32421.590942
0.000544,0.007561,-0.000205,0,0,-157.478875,-7462.996919
0.000544,0.007561,-0.000205,1,-1,-51816.750014,8673.029566
0.000544,0.007561,-0.000205,1,0,200.572889,-52389.049537
0.000544,0.007561,-0.000205,1,1,-51816.201684,-8938.303993
0.000020,-0.020310,0.000578,0,0,-92.131171,2090.373940
0.000020,-0.020310,0.000578,1,-1,81093.438679,117695.718655
0.000020,-0.020310,0.000578,1,0,68.671990,111549.355348
0.000020,-0.020310,0.000578,1,1,81268.671847,-117823.511742
0.000551,0.004264,0.000188,0,0,-213.954018,5598.160282
0.000551,0.004264,0.000188,1,-1,-103085.991874,12599.831402
0.000551,0.004264,0.000188,1,0,-11.780333,5296.357770
0.000551,0.004264,0.000188,1,1,-102939.383395,-12470.225416
-0.000395,0.021379,0.000416,0,0,-66.930609,-3151.012674
-0.000395,0.021379,0.000416,1,-1,262181.259884,20824.173065
-0.000395,0.021379,0.000416,1,0,-75.618566,-114632.456391
-0.000395,0.021379,0.000416,1,1,262144.566113,-20906.732667
0.000564,0.018076,0.000155,0,0,-89.242211,2334.985227
0.000564,0.018076,0.000155,1,-1,56789.725588,22324.294355
0.000564,0.018076,0.000155,1,0,-12.569113,-33621.377375
0.000564,0.018076,0.000155,1,1,56605.453917,-22266.182591
0.000580,-0.018589,0.000000,0,0,-119.741749,6221.600957
0.000580,-0.018589,0.000000,1,-1,67560.959750,48542.985555
0.000580,-0.018589,0.000000,1,0,-114.086220,41531.136858
0.000580,-0.018589,0.000000,1,1,67469.831737,-48451.619329
-0.000029,0.012845,0.000581,0,0,-104.714260,-2067.959768
-0.000029,0.012845,0.000581,1,-1,4290.514452,867.462837
-0.000029,0.012845,0.000581,1,0,77.192328,5908.089243
-0.000029,0.012845,0.000581,1,1,4262.320969,-882.223076
-0.000413,-0.019657,-0.000404,0,0,-118.981396,3443.991510
-0.000413,-0.019657,-0.000404,1,-1,97747.306528,48936.160966
-0.000413,-0.019657,-0.000404,1,0,-0.455475,19625.405727
-0.000413,-0.019657,-0.000404,1,1,97692.112428,-49028.554361
-0.000263,-0.005423,0.000517,0,0,-159.444302,1345.081290
-0.000263,-0.005423,0.000517,1,-1,-58566.507511,-7885.500746
-0.000263,-0.005423,0.000517,1,0,-90.317917,62549.571643
-0.000263,-0.005423,0.000517,1,1,-58703.439065,7745.504378
0.000535,0.012647,-0.000221,0,0,-128.568364,-2083.611497
0.000535,0.012647,-0.000221,1,-1,1447.298901,-7243.180480
0.000535,0.012647,-0.000221,1,0,220.568548,19284.289648
0.000535,0.012647,-0.000221,1,1,1161.474942,7169.246738
0.000512,0.016436,0.000270,0,0,-100.549278,773.554828
0.000512,0.016436,0.000270,1,-1,50332.493343,-7344.644044
0.000512,0.016436,0.000270,1,0,55.328536,14806.434063
0.000512,0.016436,0.000270,1,1,50288.297906,7401.136414
-0.000426,0.009138,-0.000390,0,0,-136.461536,-8118.309610
-0.000426,0.009138,-0.000390,1,-1,-41329.846751,-57692.986836
-0.000426,0.009138,-0.000390,1,0,61.992072,-10012.950358
-0.000426,0.009138,-0.000390,1,1,-41531.301543,57426.472371
0.000539,-0.020325,-0.000211,0,0,-117.165727,15677.630124
0.000539,-0.020325,-0.000211,1,-1,168198.384070,-45122.612560
0.000539,-0.020325,-0.000211,1,0,-109.590343,-222099.382289
0.000539,-0.020325,-0.000211,1,1,168042.906670,44985.993686
-0.000133,0.007727,0.000570,0,0,-126.884967,-4556.654428
-0.000133,0.007727,0.000570,1,-1,-64629.429521,10200.352357
-0.000133,0.007727,0.000570,1,0,30.730987,49018.184189
-0.000133,0.007727,0.000570,1,1,-64580.054942,-10479.742009
0.000519,-0.012721,0.000255,0,0,-155.063866,-1940.571834
0.000519,-0.012721,0.000255,1,-1,1109.973645,7965.619774
0.000519,-0.012721,0.000255,1,0,37.130171,1512.010558
0.000519,-0.012721,0.000255,1,1,1072.613501,-7778.517251
0.000531,0.011207,0.000234,0,0,-128.998590,-3828.975578
0.000531,0.011207,0.000234,1,-1,-18187.657698,654.958287
0.000531,0.011207,0.000234,1,0,-77.799415,15490.310527
0.000531,0.011207,0.000234,1,1,-18344.424098,-661.270243
0.000582,0.012152,0.000027,0,0,-133.021983,-2271.037815
0.000582,0.012152,0.000027,1,-1,4391.482875,-2211.205673
0.000582,0.012152,0.000027,1,0,-49.668767,15116.528912
0.000582,0.012152,0.000027,1,1,4256.620020,2550.297291
-0.000390,0.004978,-0.000427,0,0,-197.837668,-530.618360
-0.000390,0.004978,-0.000427,1,-1,-47996.168096,-100234.227482
-0.000390,0.004978,-0.000427,1,0,68.888439,-40035.129484
-0.000390,0.004978,-0.000427,1,1,-48179.066516,99987.710470
0.000505,0.006968,-0.000295,0,0,-159.792533,-7738.099321
0.000505,0.006968,-0.000295,1,-1,-88757.484523,27844.626600
0.000505,0.006968,-0.000295,1,0,74.408443,17790.018999
0.000505,0.006968,-0.000295,1,1,-88750.645315,-28320.671652
-0.000558,-0.002373,0.000168,0,0,-168.710584,-554.307814
-0.000558,-0.002373,0.000168,1,-1,-90305.509073,-68129.478289
-0.000558,-0.002373,0.000168,1,0,-134.683754,25323.126841
-0.000558,-0.002373,0.000168,1,1,-90450.371708,67852.981475
0.000581,-0.009302,-0.000092,0,0,-172.537386,-3475.619080
0.000581,-0.009302,-0.000092,1,-1,-38621.781521,308.904854
0.000581,-0.009302,-0.000092,1,0,-30.668971,2543.204701
0.000581,-0.009302,-0.000092,1,1,-38865.845975,-272.256416
0.000579,-0.010981,-0.000037,0,0,-159.905220,-3482.291704
0.000579,-0.010981,-0.000037,1,-1,-29562.688614,-52.483150
0.000579,-0.010981,-0.000037,1,0,41.413681,-26746.951731
0.000579,-0.010981,-0.000037,1,1,-29607.969970,-52.877350
-0.000470,-0.016441,0.000342,0,0,-89.005868,-323.130327
-0.000470,-0.016441,0.000342,1,-1,43984.030373,10947.099887
-0.000470,-0.016441,0.000342,1,0,-71.118811,-8905.049484
-0.000470,-0.016441,0.000342,1,1,43690.719697,-10982.107033
0.000237,0.017299,-0.000528,0,0,-103.744696,4614.516106
0.000237,0.017299,-0.000528,1,-1,28695.456731,35594.587114
0.000237,0.017299,-0.000528,1,0,-77.077224,-79528.678028
0.000237,0.017299,-0.000528,1,1,28605.663214,-35826.653024
-0.000487,0.003265,-0.000320,0,0,-222.922204,9430.436901
-0.000487,0.003265,-0.000320,1,-1,-42450.632890,-59413.695088
-0.000487,0.003265,-0.000320,1,0,-4.803046,23084.534049
-0.000487,0.003265,-0.000320,1,1,-42411.867121,59492.393621
0.000378,-0.009465,0.000438,0,0,-164.385718,-1882.968436
0.000378,-0.009465,0.000438,1,-1,-26102.701262,-5702.095300
0.000378,-0.009465,0.000438,1,0,-6.896547,-9516.570242
0.000378,-0.009465,0.000438,1,1,-25916.936509,5836.407332
-0.000349,0.018545,0.000466,0,0,-58.739906,1222.821365
-0.000349,0.018545,0.000466,1,-1,28720.306818,44464.158468
-0.000349,0.018545,0.000466,1,0,31.105329,-22081.531821
-0.000349,0.018545,0.000466,1,1,28500.880254,-44604.938576
0.000089,0.019835,-0.000582,0,0,-105.487871,2468.513931
0.000089,0.019835,-0.000582,1,-1,107019.814853,14701.424718
0.000089,0.019835,-0.000582,1,0,-56.924055,33305.648380
0.000089,0.019835,-0.000582,1,1,107123.384794,-14959.147178
-0.000062,0.015502,-0.000576,0,0,-121.565675,1865.603340
-0.000062,0.015502,-0.000576,1,-1,14511.755155,33496.561986
-0.000062,0.015502,-0.000576,1,0,102.614750,42392.644945
-0.000062,0.015502,-0.000576,1,1,14668.403084,-33567.675276
-0.000575,-0.006622,-0.000120,0,0,-179.048174,-634.711096
-0.000575,-0.006622,-0.000120,1,-1,-40879.663501,-26152.490066
-0.000575,-0.006622,-0.000120,1,0,-36.288675,11963.040149
-0.000575,-0.006622,-0.000120,1,1,-40743.858931,26114.615108
0.000576,0.018815,0.000088,0,0,-89.149910,2889.038176
0.000576,0.018815,0.000088,1,-1,83989.635179,38780.836971
0.000576,0.018815,0.000088,1,0,-36.596796,34343.462594
0.000576,0.018815,0.000088,1,1,83884.880989,-38744.367392
-0.000008,-0.008100,-0.000581,0,0,-198.668742,-2994.490770
-0.000008,-0.008100,-0.000581,1,-1,-4402.865498,-30980.253868
-0.000008,-0.008100,-0.000581,1,0,-6.646706,2807.478024
-0.000008,-0.008100,-0.000581,1,1,-4451.800912,30677.671127
-0.000051,0.009088,0.000576,0,0,-113.955082,-7098.573476
-0.000051,0.009088,0.000576,1,-1,-21703.434877,-24101.969657
-0.000051,0.009088,0.000576,1,0,146.915473,-44812.069778
-0.000051,0.009088,0.000576,1,1,-21774.417894,24090.729531
0.000494,-0.017682,-0.000307,0,0,-126.757938,4421.648693
0.000494,-0.017682,-0.000307,1,-1,45336.453849,8960.969085
0.000494,-0.017682,-0.000307,1,0,-45.928911,-9900.281615
0.000494,-0.017682,-0.000307,1,1,45106.116004,-9132.031109
0.000339,0.002838,-0.000476,0,0,-237.148903,9241.835065
0.000339,0.002838,-0.000476,1,-1,-51560.742349,-36220.314147
0.000339,0.002838,-0.000476,1,0,-35.210599,20909.942636
0.000339,0.002838,-0.000476,1,1,-51848.482692,35863.643613
-0.000339,-0.014246,-0.000474,0,0,-159.390662,-1857.632246
-0.000339,-0.014246,-0.000474,1,-1,25321.278845,5814.154731
-0.000339,-0.014246,-0.000474,1,0,-108.629685,-4702.295213
-0.000339,-0.014246,-0.000474,1,1,25418.483913,-6055.247393
0.000077,0.017546,-0.000580,0,0,-108.801137,3681.618526
0.000077,0.017546,-0.000580,1,-1,50082.611520,33221.071514
0.000077,0.017546,-0.000580,1,0,77.905794,-4125.930849
0.000077,0.017546,-0.000580,1,1,50181.622642,-33356.448235
-0.000090,0.015035,0.000580,0,0,-88.960511,-1116.665857
-0.000090,0.015035,0.000580,1,-1,17268.347941,8195.048708
-0.000090,0.015035,0.000580,1,0,83.230026,19867.852600
-0.000090,0.015035,0.000580,1,1,17219.999156,-8364.362114
-0.000235,0.011348,-0.000527,0,0,-138.123927,-4047.130566
-0.000235,0.011348,-0.000527,1,-1,-7465.413102,-14254.684212
-0.000235,0.011348,-0.000527,1,0,-111.644535,33189.762175
-0.000235,0.011348,-0.000527,1,1,-7452.478178,14151.996311
-0.000579,0.013587,-0.000003,0,0,-106.727001,-2182.797970
-0.000579,0.013587,-0.000003,1,-1,12064.560703,11974.415910
-0.000579,0.013587,-0.000003,1,0,8.221828,-16003.564373
-0.000579,0.013587,-0.000003,1,1,11989.314171,-12002.949787
0.000578,-0.019090,-0.000026,0,0,-118.483171,5805.089581
0.000578,-0.019090,-0.000026,1,-1,57514.395197,4466.561598
0.000578,-0.019090,-0.000026,1,0,-27.480345,-93323.147284
0.000578,-0.019090,-0.000026,1,1,57426.545520,-4199.339013
-0.000036,0.018510,-0.000579,0,0,-105.345898,2849.649597
-0.000036,0.018510,-0.000579,1,-1,53472.110278,60893.789137
-0.000036,0.018510,-0.000579,1,0,31.423644,41468.909192
-0.000036,0.018510,-0.000579,1,1,53352.958271,-61060.202641
0.000521,-0.007163,-0.000249,0,0,-192.488248,-3681.101271
0.000521,-0.007163,-0.000249,1,-1,-46265.016452,-15404.985542
0.000521,-0.007163,-0.000249,1,0,-136.356712,15598.824427
0.000521,-0.007163,-0.000249,1,1,-46620.933459,15124.912315
-0.000580,-0.011218,-0.000006,0,0,-133.811315,-1907.779006
-0.000580,-0.011218,-0.000006,1,-1,-11707.473284,-13675.750668
-0.000580,-0.011218,-0.000006,1,0,-104.477946,7490.509008
-0.000580,-0.011218,-0.000006,1,1,-11818.594434,13656.558370
-0.000325,0.010603,0.000489,0,0,-96.445471,-4963.640368
-0.000325,0.010603,0.000489,1,-1,12539.922830,-33141.970018
-0.000325,0.010603,0.000489,1,0,-97.759131,24743.449929
-0.000325,0.010603,0.000489,1,1,12182.404602,33143.191575
0.000010,-0.016882,0.000579,0,0,-98.844332,74.327380
0.000010,-0.016882,0.000579,1,-1,45799.620707,16321.452051
0.000010,-0.016882,0.000579,1,0,-140.970543,-21970.207578
0.000010,-0.016882,0.000579,1,1,45806.065254,-16487.821605
0.000146,-0.006629,-0.000566,0,0,-209.129254,-3389.346780
0.000146,-0.006629,-0.000566,1,-1,-50309.201900,-14138.179636
0.000146,-0.006629,-0.000566,1,0,-260.932403,35115.229351
0.000146,-0.006629,-0.000566,1,1,-50217.008166,13741.082141
-0.000576,0.003178,-0.000012,0,0,-208.389671,10417.138262
-0.000576,0.003178,-0.000012,1,-1,-67350.803344,11669.009328
-0.000576,0.003178,-0.000012,1,0,33.611427,-34161.615705
-0.000576,0.003178,-0.000012,1,1,-67286.078298,-11688.161707
-0.000403,-0.008682,-0.000411,0,0,-186.554697,-2535.879150
-0.000403,-0.008682,-0.000411,1,-1,-36255.293449,-5749.715410
-0.000403,-0.008682,-0.000411,1,0,-137.699063,3041.617176
-0.000403,-0.008682,-0.000411,1,1,-35968.054117,5702.833400
-0.000298,-0.002938,0.000502,0,0,-160.550252,-302.652769
-0.000298,-0.002938,0.000502,1,-1,-31115.224560,-59999.687836
-0.000298,-0.002938,0.000502,1,0,39.080873,-16446.186828
-0.000298,-0.002938,0.000502,1,1,-31366.377691,59884.200894
0.000365,0.015554,0.000445,0,0,-105.722624,-287.271565
0.000365,0.015554,0.000445,1,-1,40836.704377,15147.489906
0.000365,0.015554,0.000445,1,0,39.430445,33666.539685
0.000365,0.015554,0.000445,1,1,40816.255217,-15225.638803
-0.000564,0.012627,-0.000154,0,0,-115.843584,-2126.916530
-0.000564,0.012627,-0.000154,1,-1,4752.255796,2569.116085
-0.000564,0.012627,-0.000154,1,0,-120.673693,4236.545481
-0.000564,0.012627,-0.000154,1,1,4860.402551,-2492.032007
0.000448,-0.014741,-0.000366,0,0,-147.027662,-72.286752
0.000448,-0.014741,-0.000366,1,-1,21666.351836,17173.007135
0.000448,-0.014741,-0.000366,1,0,-18.455261,-16179.790196
0.000448,-0.014741,-0.000366,1,1,21309.732321,-17280.524716
0.000182,-0.008428,-0.000553,0,0,-191.366942,-3631.264254
0.000182,-0.008428,-0.000553,1,-1,-3946.262561,-42110.093169
0.000182,-0.008428,-0.000553,1,0,-130.848236,1621.996717
0.000182,-0.008428,-0.000553,1,1,-4254.403527,41942.896789
-0.000096,0.014547,0.000583,0,0,-92.412553,-1661.208461
-0.000096,0.014547,0.000583,1,-1,8377.568166,24051.737876
-0.000096,0.014547,0.000583,1,0,194.649976,16857.854550
-0.000096,0.014547,0.000583,1,1,8251.737617,-24117.826197
0.000490,-0.000220,-0.000318,0,0,-208.858753,-8104.863888
0.000490,-0.000220,-0.000318,1,-1,-110928.769401,-75850.827155
0.000490,-0.000220,-0.000318,1,0,-40.422388,13703.554809
0.000490,-0.000220,-0.000318,1,1,-111180.002370,75541.727396
-0.000525,0.015516,-0.000243,0,0,-102.002486,-341.704659
-0.000525,0.015516,-0.000243,1,-1,33140.924512,40806.394271
-0.000525,0.015516,-0.000243,1,0,15.838702,-10707.209671
-0.000525,0.015516,-0.000243,1,1,33111.226726,-40660.500001
-0.000052,-0.001353,-0.000580,0,0,-216.741314,-6526.024419
-0.000052,-0.001353,-0.000580,1,-1,-13868.322626,-66622.972996
-0.000052,-0.001353,-0.000580,1,0,-114.697380,23961.337969
-0.000052,-0.001353,-0.000580,1,1,-13965.957246,66397.978538
0.000531,-0.002944,-0.000234,0,0,-193.619837,-10674.274911
0.000531,-0.002944,-0.000234,1,-1,-143353.052487,-13738.585253
0.000531,-0.002944,-0.000234,1,0,-147.773674,83091.757733
0.000531,-0.002944,-0.000234,1,1,-143448.242216,13367.668150
-0.000025,-0.014923,-0.000581,0,0,-156.995299,-802.866289
-0.000025,-0.014923,-0.000581,1,-1,12402.329434,24043.536291
-0.000025,-0.014923,-0.000581,1,0,-92.171915,-47233.747779
-0.000025,-0.014923,-0.000581,1,1,12505.807838,-24346.909619
-0.000465,0.005023,-0.000352,0,0,-195.754580,-400.910836
-0.000465,0.005023,-0.000352,1,-1,-103114.134163,-31271.129507
-0.000465,0.005023,-0.000352,1,0,44.192365,6122.395664
-0.000465,0.005023,-0.000352,1,1,-103238.405974,31029.213996
-0.000202,-0.005886,0.000545,0,0,-162.432325,1030.630049
-0.000202,-0.005886,0.000545,1,-1,-43034.630250,-11524.179747
-0.000202,-0.005886,0.000545,1,0,50.328362,-27360.176489
-0.000202,-0.005886,0.000545,1,1,-42979.385999,11370.143843
0.000176,-0.001025,0.000550,0,0,-195.798363,-48.285530
0.000176,-0.001025,0.000550,1,-1,-44370.732364,-25320.673599
0.000176,-0.001025,0.000550,1,0,-31.496416,47918.785092
0.000176,-0.001025,0.000550,1,1,-44450.412616,25245.893294
0.000226,-0.009166,0.000534,0,0,-160.982358,-1870.942623
0.000226,-0.009166,0.000534,1,-1,-13138.605661,-14729.211116
0.000226,-0.009166,0.000534,1,0,23.500029,6087.468333
0.000226,-0.009166,0.000534,1,1,-13112.591416,14589.619428
0.000494,-0.011706,-0.000316,0,0,-161.676481,-2448.070167
0.000494,-0.011706,-0.000316,1,-1,-470.044679,1874.090115
0.000494,-0.011706,-0.000316,1,0,117.113114,-19766.089146
0.000494,-0.011706,-0.000316,1,1,-569.852374,-2092.087042
-0.000575,-0.003794,-0.000078,0,0,-180.690341,-658.627167
-0.000575,-0.003794,-0.000078,1,-1,-99891.398476,-66366.750008
-0.000575,-0.003794,-0.000078,1,0,-42.761159,23697.331336
-0.000575,-0.003794,-0.000078,1,1,-100001.181814,66074.896976
-0.000578,-0.011562,-0.000118,0,0,-140.952296,-1745.208270
-0.000578,-0.011562,-0.000118,1,-1,-2917.941436,-5525.674574
-0.000578,-0.011562,-0.000118,1,0,128.749088,-12029.328459
-0.000578,-0.011562,-0.000118,1,1,-3010.685041,5413.162651
0.000481,-0.006153,-0.000331,0,0,-198.650524,-4101.207412
0.000481,-0.006153,-0.000331,1,-1,-38468.165520,-18279.903414
0.000481,-0.006153,-0.000331,1,0,64.419236,-77889.053955
0.000481,-0.006153,-0.000331,1,1,-38973.700985,18050.336655
-0.000213,-0.007894,-0.000540,0,0,-200.298174,-2590.688952
-0.000213,-0.007894,-0.000540,1,-1,-18758.479753,-17051.346572
-0.000213,-0.007894,-0.000540,1,0,-3.855491,1486.596311
-0.000213,-0.007894,-0.000540,1,1,-18615.732533,16970.358213
0.000582,-0.013446,0.000017,0,0,-155.548923,-2201.800554
0.000582,-0.013446,0.000017,1,-1,20075.054654,15695.921294
0.000582,-0.013446,0.000017,1,0,-111.944096,-23506.087487
0.000582,-0.013446,0.000017,1,1,19806.143558,-15780.868546
-0.000321,0.017660,0.000492,0,0,-61.997867,321.513294
-0.000321,0.017660,0.000492,1,-1,46567.490094,-4615.588388
-0.000321,0.017660,0.000492,1,0,167.799982,89270.750480
-0.000321,0.017660,0.000492,1,1,46545.858250,4432.978086
0.000165,-0.001039,0.000554,0,0,-195.534684,-26.891883
0.000165,-0.001039,0.000554,1,-1,-40882.126168,-23952.687568
0.000165,-0.001039,0.000554,1,0,-20.141530,41035.135222
0.000165,-0.001039,0.000554,1,1,-40967.884010,23855.306750
0.000573,-0.006079,0.000124,0,0,-198.113137,-3039.306792
0.000573,-0.006079,0.000124,1,-1,-46930.550242,-33901.353357
0.000573,-0.006079,0.000124,1,0,13.721815,4109.566922
0.000573,-0.006079,0.000124,1,1,-46977.660526,34115.502174
-0.000574,-0.009922,0.000132,0,0,-140.599290,-2061.909732
-0.000574,-0.009922,0.000132,1,-1,-17688.037501,-12591.362367
-0.000574,-0.009922,0.000132,1,0,16.126287,-20212.040065
-0.000574,-0.009922,0.000132,1,1,-17999.928283,12402.628764
0.000371,-0.001916,0.000442,0,0,-199.583961,-614.923558
0.000371,-0.001916,0.000442,1,-1,-117305.439547,-83055.433755
0.000371,-0.001916,0.000442,1,0,-66.980038,15367.657330
0.000371,-0.001916,0.000442,1,1,-117357.087895,82946.071488
-0.000581,-0.000026,0.000063,0,0,-192.331969,4163.712255
-0.000581,-0.000026,0.000063,1,-1,-112946.006500,-32143.152692
-0.000581,-0.000026,0.000063,1,0,-205.039849,83520.920866
-0.000581,-0.000026,0.000063,1,1,-112990.569733,31877.306584
-0.000147,-0.001218,-0.000563,0,0,-217.190792,-6129.742521
-0.000147,-0.001218,-0.000563,1,-1,-37072.604825,-66166.804674
-0.000147,-0.001218,-0.000563,1,0,110.822984,-35028.877835
-0.000147,-0.001218,-0.000563,1,1,-37018.384024,66010.332814
-0.000265,-0.020127,0.000516,0,0,-77.072558,4629.156346
-0.000265,-0.020127,0.000516,1,-1,353.507455,139453.682998
-0.000265,-0.020127,0.000516,1,0,23.244559,-52755.819801
-0.000265,-0.020127,0.000516,1,1,53.064345,-139569.213946
-0.000022,0.018413,0.000579,0,0,-75.085829,338.634035
-0.000022,0.018413,0.000579,1,-1,29727.209004,33689.501875
-0.000022,0.018413,0.000579,1,0,-4.813834,-36427.301852
-0.000022,0.018413,0.000579,1,1,29801.772747,-33955.271776
-0.000360,0.013012,-0.000452,0,0,-128.204491,-1899.598384
-0.000360,0.013012,-0.000452,1,-1,-2156.222360,9033.354188
-0.000360,0.013012,-0.000452,1,0,142.235941,5649.314736
-0.000360,0.013012,-0.000452,1,1,-1967.774616,-8986.296129
-0.000487,0.017867,0.000319,0,0,-61.358444,1179.198404
-0.000487,0.017867,0.000319,1,-1,33181.088536,8250.686225
-0.000487,0.017867,0.000319,1,0,24.983301,9675.104106
-0.000487,0.017867,0.000319,1,1,33034.015346,-8290.959180
-0.000390,0.015470,0.000422,0,0,-75.873412,-847.433178
-0.000390,0.015470,0.000422,1,-1,20240.839585,24944.902234
-0.000390,0.015470,0.000422,1,0,134.401138,37312.413831
-0.000390,0.015470,0.000422,1,1,20064.621186,-24997.162771
0.000241,-0.009037,0.000525,0,0,-161.276082,-1783.922670
0.000241,-0.009037,0.000525,1,-1,-16596.825089,-13508.136679
0.000241,-0.009037,0.000525,1,0,-30.127566,20853.511205
0.000241,-0.009037,0.000525,1,1,-16618.631667,13483.602858
0.000014,0.007181,0.000579,0,0,-140.038908,-3735.222029
0.000014,0.007181,0.000579,1,-1,1579.840503,-74079.501055
0.000014,0.007181,0.000579,1,0,305.998773,-141682.502683
0.000014,0.007181,0.000579,1,1,1585.549582,74101.045334
0.000580,0.019717,0.000105,0,0,-91.768732,2416.348117
0.000580,0.019717,0.000105,1,-1,83206.992573,69985.687361
0.000580,0.019717,0.000105,1,0,-9.025730,2452.920874
0.000580,0.019717,0.000105,1,1,83245.036445,-69922.149361
-0.000480,0.001070,-0.000335,0,0,-225.543129,5212.737330
-0.000480,0.001070,-0.000335,1,-1,-151232.717209,-12657.919310
-0.000480,0.001070,-0.000335,1,0,-36.076095,33537.267933
-0.000480,0.001070,-0.000335,1,1,-151168.955991,12429.882295
-0.000358,0.003303,-0.000456,0,0,-227.561701,9053.872776
-0.000358,0.003303,-0.000456,1,-1,-34269.395327,-61694.076101
-0.000358,0.003303,-0.000456,1,0,150.073708,-32311.056745
-0.000358,0.003303,-0.000456,1,1,-34153.779967,61438.624736
-0.000248,0.002353,-0.000525,0,0,-238.487639,9964.238523
-0.000248,0.002353,-0.000525,1,-1,-42371.772368,-7289.074281
-0.000248,0.002353,-0.000525,1,0,98.972009,-35082.839160
-0.000248,0.002353,-0.000525,1,1,-42043.586913,7039.474765
0.000537,-0.019124,0.000221,0,0,-116.036462,5621.259400
0.000537,-0.019124,0.000221,1,-1,52742.813676,48552.742880
0.000537,-0.019124,0.000221,1,0,-7.203966,-21335.662984
0.000537,-0.019124,0.000221,1,1,52846.554938,-48464.988344
0.000579,-0.017564,-0.000072,0,0,-128.536584,3968.609840
0.000579,-0.017564,-0.000072,1,-1,50735.384135,34876.348811
0.000579,-0.017564,-0.000072,1,0,-10.196058,4431.542766
0.000579,-0.017564,-0.000072,1,1,50781.536060,-34727.512089
0.000114,0.009320,0.000577,0,0,-123.010236,-7063.196033
0.000114,0.009320,0.000577,1,-1,-29775.068031,-7215.511497
0.000114,0.009320,0.000577,1,0,-50.344215,40145.925457
0.000114,0.009320,0.000577,1,1,-29586.413728,7047.458672
0.000523,0.018138,0.000252,0,0,-91.869020,1820.994351
0.000523,0.018138,0.000252,1,-1,39129.760058,16929.142442
0.000523,0.018138,0.000252,1,0,53.864476,1496.799448
0.000523,0.018138,0.000252,1,1,39214.987080,-16811.333405
0.000002,0.012676,-0.000580,0,0,-139.802437,-2286.201397
0.000002,0.012676,-0.000580,1,-1,-5240.512461,2204.262432
0.000002,0.012676,-0.000580,1,0,93.871188,23887.892096
0.000002,0.012676,-0.000580,1,1,-5070.350689,-2724.811708
0.000102,0.000995,-0.000579,0,0,-238.983223,3428.042895
0.000102,0.000995,-0.000579,1,-1,7935.148881,-72427.103431
0.000102,0.000995,-0.000579,1,0,-116.982958,58437.451147
0.000102,0.000995,-0.000579,1,1,7689.296960,72324.229646
-0.000581,-0.004312,-0.000076,0,0,-180.308273,-253.668132
-0.000581,-0.004312,-0.000076,1,-1,-46311.946578,-48100.418639
-0.000581,-0.004312,-0.000076,1,0,22.931966,-21594.693785
-0.000581,-0.004312,-0.000076,1,1,-46356.848106,48091.607267
